"mb_code","mb_cat","suburb_code","suburb_name","lga_name","postcode","dwelling"
"20395280000",Residential,"22304",Southbank,Melbourne (C),"3006",579
"20395321000",Residential,"22304",Southbank,Melbourne (C),"3006",313
"20395350000",Residential,"22304",Southbank,Melbourne (C),"3006",162
"20395362000",Commercial,"22304",Southbank,Melbourne (C),"3006",0
"20395374000",Commercial,"20760",Docklands,Melbourne (C),"3008",9
"20395451000",Commercial,"20760",Docklands,Melbourne (C),"3008",0
"20395452000",Residential,"20760",Docklands,Melbourne (C),"3008",820
"20395600000",Residential,"22303",South Yarra,Melbourne (C),"3141",37
"20395753000",Commercial,"20492",Carlton (Vic.),Melbourne (C),"3053",6
"20395770000",Residential,"20492",Carlton (Vic.),Melbourne (C),"3053",180
"20395880000",Commercial,"20492",Carlton (Vic.),Melbourne (C),"3053",77
"20395892000",Commercial,"21629",Melbourne,Melbourne (C),"3000",10
"20396120000",Residential,"21954",North Melbourne,Melbourne (C),"3051",30
"20396180000",Residential,"21319",Kensington (Vic.),Melbourne (C),"3031",35
"20396340000",Commercial,"21954",North Melbourne,Melbourne (C),"3051",40
"20396400000",Hospital/Medical,"20824",East Melbourne,Melbourne (C),"3002",81
"20396410000",Residential,"22303",South Yarra,Melbourne (C),"3141",37
"20396470000",Residential,"22303",South Yarra,Melbourne (C),"3141",35
"20396500000",Residential,"20824",East Melbourne,Melbourne (C),"3002",26
"20396590000",Residential,"20824",East Melbourne,Melbourne (C),"3002",39
"20396640000",Education,"20492",Carlton (Vic.),Melbourne (C),"3053",0
"20396710000",Commercial,"20492",Carlton (Vic.),Melbourne (C),"3053",12
"20396720000",Residential,"20492",Carlton (Vic.),Melbourne (C),"3053",29
"20396830000",Commercial,"20492",Carlton (Vic.),Melbourne (C),"3053",70
"20396990000",Residential,"22026",Parkville (Vic.),Melbourne (C),"3052",26
"20397080000",Residential,"21319",Kensington (Vic.),Melbourne (C),"3031",40
"20397111000",Residential,"21319",Kensington (Vic.),Melbourne (C),"3031",145
"20397312000",Residential,"20824",East Melbourne,Melbourne (C),"3002",18
"20397370000",Residential,"20824",East Melbourne,Melbourne (C),"3002",45
"20397410000",Residential,"22303",South Yarra,Melbourne (C),"3141",23
"20397640000",Residential,"22026",Parkville (Vic.),Melbourne (C),"3052",28
"20397680000",Residential,"21954",North Melbourne,Melbourne (C),"3051",26
"20397830000",Commercial,"21954",North Melbourne,Melbourne (C),"3051",53
"20449322000",Industrial,"21319",Kensington (Vic.),Melbourne (C),"3031",0
"20449333000",Commercial,"21319",Kensington (Vic.),Melbourne (C),"3031",5
"20449860000",Residential,"21319",Kensington (Vic.),Melbourne (C),"3031",82
"20450750000",Parkland,"21319",Kensington (Vic.),Melbourne (C),"3031",0
"20631898550",Residential,"21954",North Melbourne,Melbourne (C),"3051",47
"20631898590",Residential,"21629",Melbourne,Melbourne (C),"3000",223
"20631898760",Commercial,"21629",Melbourne,Melbourne (C),"3000",11
"20631916370",Transport,"22304",Southbank,Melbourne (C),"3006",0
"20631932020",Residential,"20492",Carlton (Vic.),Melbourne (C),"3053",223
"20631939330",Commercial,"21629",Melbourne,Melbourne (C),"3000",54
"20631940770",Commercial,"20760",Docklands,Melbourne (C),"3008",0
"20631941360",Residential,"20492",Carlton (Vic.),Melbourne (C),"3053",115
"20631941750",Residential,"22304",Southbank,Melbourne (C),"3006",259
"20631952990",Residential,"20492",Carlton (Vic.),Melbourne (C),"3053",374
"20631953170",Commercial,"20760",Docklands,Melbourne (C),"3008",0
"20631993590",Residential,"20492",Carlton (Vic.),Melbourne (C),"3053",25
"20631993780",Parkland,"22026",Parkville (Vic.),Melbourne (C),"3052",0
"20632000520",Residential,"20492",Carlton (Vic.),Melbourne (C),"3053",117
"20664200000",Commercial,"21629",Melbourne,Melbourne (C),"3000",13
"20664210000",Commercial,"21629",Melbourne,Melbourne (C),"3000",4
"20664320000",Commercial,"21629",Melbourne,Melbourne (C),"3000",0
"20664520000",Commercial,"21629",Melbourne,Melbourne (C),"3000",0
"20664541000",Commercial,"21629",Melbourne,Melbourne (C),"3000",51
"20664680000",Commercial,"21629",Melbourne,Melbourne (C),"3000",16
"20664690000",Commercial,"21629",Melbourne,Melbourne (C),"3000",8
"20664712000",Residential,"21629",Melbourne,Melbourne (C),"3000",255
"20664720000",Commercial,"21629",Melbourne,Melbourne (C),"3000",0
"20664780000",Commercial,"21629",Melbourne,Melbourne (C),"3000",446
"20664881000",Commercial,"21629",Melbourne,Melbourne (C),"3000",46
"20392960000",Residential,"21629",Melbourne,Melbourne (C),"3000",117
"20393090000",Commercial,"21629",Melbourne,Melbourne (C),"3000",5
"20393290000",Commercial,"21629",Melbourne,Melbourne (C),"3000",71
"20393350000",Commercial,"21629",Melbourne,Melbourne (C),"3000",0
"20393670000",Residential,"21629",Melbourne,Melbourne (C),"3000",104
"20393724000",Commercial,"21629",Melbourne,Melbourne (C),"3000",0
"20393800000",Residential,"21629",Melbourne,Melbourne (C),"3000",209
"20393960000",Residential,"21629",Melbourne,Melbourne (C),"3000",148
"20394010000",Commercial,"21629",Melbourne,Melbourne (C),"3000",84
"20394080000",Residential,"21629",Melbourne,Melbourne (C),"3000",88
"20394190000",Commercial,"21629",Melbourne,Melbourne (C),"3000",4
"20394310000",Commercial,"21629",Melbourne,Melbourne (C),"3000",3
"20394532000",Commercial,"21629",Melbourne,Melbourne (C),"3000",0
"20394640000",Commercial,"21629",Melbourne,Melbourne (C),"3000",56
"20394782000",Commercial,"22304",Southbank,Melbourne (C),"3006",0
"20394785000",Commercial,"22304",Southbank,Melbourne (C),"3006",0
"20394822000",Commercial,"20760",Docklands,Melbourne (C),"3005",0
"20395030000",Residential,"22304",Southbank,Melbourne (C),"3006",136
"20395113000",Industrial,"22304",Southbank,Melbourne (C),"3006",0
"20395180000",Commercial,"20760",Docklands,Melbourne (C),"3008",0
"20400581000",Commercial,"22095",Port Melbourne,Melbourne (C),"3207",0
"20400583000",Commercial,"22095",Port Melbourne,Melbourne (C),"3207",0
"20400650000",Commercial,"21629",Melbourne,Melbourne (C),"3004",0
"20400702000",Hospital/Medical,"21629",Melbourne,Melbourne (C),"3004",0
"20400740000",Residential,"20492",Carlton (Vic.),Melbourne (C),"3053",110
"20400795000",Industrial,"21319",Kensington (Vic.),Melbourne (C),"3031",0
"20400880000",Residential,"22303",South Yarra,Melbourne (C),"3141",10
"20400900000",Education,"22026",Parkville (Vic.),Melbourne (C),"3052",0
"20401140000",Residential,"21954",North Melbourne,Melbourne (C),"3051",26
"20401160000",Residential,"21954",North Melbourne,Melbourne (C),"3051",40
"20401173000",Commercial,"22743",West Melbourne,Melbourne (C),"3003",0
"20401252000",Residential,"22743",West Melbourne,Melbourne (C),"3003",47
"20401393000",Industrial,"21954",North Melbourne,Melbourne (C),"3051",3
"20401620000",Residential,"20492",Carlton (Vic.),Melbourne (C),"3053",55
"20401650000",Residential,"20824",East Melbourne,Melbourne (C),"3002",17
"20401660000",Residential,"20824",East Melbourne,Melbourne (C),"3002",25
"20401700000",Residential,"22303",South Yarra,Melbourne (C),"3141",54
"20401811000",Commercial,"21629",Melbourne,Melbourne (C),"3000",509
"20401840000",Residential,"21954",North Melbourne,Melbourne (C),"3051",24
"20401860000",Residential,"22026",Parkville (Vic.),Melbourne (C),"3052",44
"20401900000",Commercial,"20492",Carlton (Vic.),Melbourne (C),"3053",7
"20401950000",Residential,"20824",East Melbourne,Melbourne (C),"3002",48
"20445200000",Residential,"21319",Kensington (Vic.),Melbourne (C),"3031",39
"20446390000",Residential,"21319",Kensington (Vic.),Melbourne (C),"3031",39
"20451824000",Residential,"21319",Kensington (Vic.),Melbourne (C),"3031",57
"20451826000",Industrial,"21319",Kensington (Vic.),Melbourne (C),"3031",0
"20451872000",Industrial,"21954",North Melbourne,Melbourne (C),"3051",0
"20451873000",Industrial,"21954",North Melbourne,Melbourne (C),"3051",0
"20451932000",Residential,"21319",Kensington (Vic.),Melbourne (C),"3031",20
"20631900890",Commercial,"21954",North Melbourne,Melbourne (C),"3051",7
"20631901200",Residential,"21629",Melbourne,Melbourne (C),"3000",268
"20631901950",Residential,"21629",Melbourne,Melbourne (C),"3000",298
"20631901960",Residential,"21629",Melbourne,Melbourne (C),"3000",264
"20631922990",Residential,"22303",South Yarra,Melbourne (C),"3141",42
"20631929640",Residential,"21319",Kensington (Vic.),Melbourne (C),"3031",64
"20631936950",Commercial,"20760",Docklands,Melbourne (C),"3008",0
"20631937050",Residential,"21319",Kensington (Vic.),Melbourne (C),"3031",35
"20631938150",Commercial,"20824",East Melbourne,Melbourne (C),"3002",5
"20631944140",Residential,"21629",Melbourne,Melbourne (C),"3000",362
"20631956860",Commercial,"21629",Melbourne,Melbourne (C),"3000",92
"20631957090",Residential,"20492",Carlton (Vic.),Melbourne (C),"3053",88
"20631983770",Residential,"22026",Parkville (Vic.),Melbourne (C),"3052",194
"20632004800",Residential,"20492",Carlton (Vic.),Melbourne (C),"3053",0
"20668110000",Parkland,"20824",East Melbourne,Melbourne (C),"3002",3
"20668120000",Parkland,"20824",East Melbourne,Melbourne (C),"3002",0
"20668270000",Transport,"22095",Port Melbourne,Melbourne (C),"3207",0
"20668390000",Transport,"22026",Parkville (Vic.),Melbourne (C),"3052",0
"20668400000",Transport,"22026",Parkville (Vic.),Melbourne (C),"3052",0
"20395331000",Commercial,"22304",Southbank,Melbourne (C),"3006",0
"20395363000",Commercial,"22304",Southbank,Melbourne (C),"3006",0
"20395380000",Residential,"20760",Docklands,Melbourne (C),"3008",426
"20395560000",Residential,"20824",East Melbourne,Melbourne (C),"3002",33
"20395640000",Residential,"22303",South Yarra,Melbourne (C),"3141",32
"20395752000",Commercial,"20492",Carlton (Vic.),Melbourne (C),"3053",0
"20395802000",Commercial,"20492",Carlton (Vic.),Melbourne (C),"3053",3
"20395810000",Residential,"20492",Carlton (Vic.),Melbourne (C),"3053",43
"20395851000",Residential,"20492",Carlton (Vic.),Melbourne (C),"3053",12
"20395852000",Commercial,"20492",Carlton (Vic.),Melbourne (C),"3053",10
"20396080000",Residential,"22026",Parkville (Vic.),Melbourne (C),"3052",46
"20396112000",Commercial,"21954",North Melbourne,Melbourne (C),"3051",3
"20396140000",Residential,"22743",West Melbourne,Melbourne (C),"3003",48
"20396150000",Residential,"21954",North Melbourne,Melbourne (C),"3051",49
"20396190000",Residential,"21319",Kensington (Vic.),Melbourne (C),"3031",32
"20396220000",Residential,"21319",Kensington (Vic.),Melbourne (C),"3031",39
"20396240000",Residential,"21319",Kensington (Vic.),Melbourne (C),"3031",40
"20396280000",Residential,"20492",Carlton (Vic.),Melbourne (C),"3053",150
"20396290000",Residential,"21629",Melbourne,Melbourne (C),"3000",192
"20396490000",Residential,"20824",East Melbourne,Melbourne (C),"3002",33
"20396650000",Residential,"20492",Carlton (Vic.),Melbourne (C),"3053",99
"20396802000",Commercial,"21629",Melbourne,Melbourne (C),"3000",803
"20396840000",Residential,"20492",Carlton (Vic.),Melbourne (C),"3053",26
"20396860000",Residential,"20492",Carlton (Vic.),Melbourne (C),"3053",30
"20397200000",Commercial,"21629",Melbourne,Melbourne (C),"3000",0
"20397250000",Residential,"21954",North Melbourne,Melbourne (C),"3051",97
"20397260000",Residential,"22743",West Melbourne,Melbourne (C),"3003",49
"20397330000",Residential,"22303",South Yarra,Melbourne (C),"3141",41
"20397710000",Residential,"21954",North Melbourne,Melbourne (C),"3051",34
"20397720000",Residential,"22026",Parkville (Vic.),Melbourne (C),"3052",36
"20397770000",Residential,"21954",North Melbourne,Melbourne (C),"3051",38
"20397930000",Commercial,"21954",North Melbourne,Melbourne (C),"3051",24
"20443660000",Industrial,"21954",North Melbourne,Melbourne (C),"3051",6
"20443720000",Residential,"21319",Kensington (Vic.),Melbourne (C),"3031",36
"20449291000",Residential,"21954",North Melbourne,Melbourne (C),"3051",75
"20449310000",Residential,"21954",North Melbourne,Melbourne (C),"3051",68
"20449323000",Industrial,"21319",Kensington (Vic.),Melbourne (C),"3031",0
"20449350000",Education,"21319",Kensington (Vic.),Melbourne (C),"3031",0
"20631898610",Commercial,"21629",Melbourne,Melbourne (C),"3000",194
"20631898750",Residential,"21629",Melbourne,Melbourne (C),"3000",87
"20631899550",Commercial,"22304",Southbank,Melbourne (C),"3006",0
"20631899970",Commercial,"21954",North Melbourne,Melbourne (C),"3051",59
"20631916640",Commercial,"20492",Carlton (Vic.),Melbourne (C),"3053",34
"20631917160",Commercial,"21629",Melbourne,Melbourne (C),"3000",16
"20631923570",Transport,"22302",South Wharf,Melbourne (C),"3006",0
"20631925770",Residential,"20492",Carlton (Vic.),Melbourne (C),"3053",31
"20631931510",Residential,"21954",North Melbourne,Melbourne (C),"3051",85
"20631940050",Hospital/Medical,"21629",Melbourne,Melbourne (C),"3004",3
"20631940120",Residential,"21319",Kensington (Vic.),Melbourne (C),"3031",30
"20631974260",Residential,"21319",Kensington (Vic.),Melbourne (C),"3031",106
"20631975630",Commercial,"21629",Melbourne,Melbourne (C),"3004",0
"20631981360",Residential,"21629",Melbourne,Melbourne (C),"3000",506
"20631981380",Parkland,"20492",Carlton (Vic.),Melbourne (C),"3053",0
"20631981800",Residential,"21629",Melbourne,Melbourne (C),"3000",109
"20631982010",Residential,"20760",Docklands,Melbourne (C),"3008",204
"20631983440",Residential,"20760",Docklands,Melbourne (C),"3008",202
"20664350000",Commercial,"21629",Melbourne,Melbourne (C),"3000",90
"20664380000",Commercial,"21629",Melbourne,Melbourne (C),"3000",34
"20664510000",Commercial,"21629",Melbourne,Melbourne (C),"3000",3
"20664570000",Commercial,"21629",Melbourne,Melbourne (C),"3000",0
"20664630000",Commercial,"21629",Melbourne,Melbourne (C),"3000",316
"20664650000",Commercial,"21629",Melbourne,Melbourne (C),"3000",5
"20664731000",Commercial,"21629",Melbourne,Melbourne (C),"3000",0
"20664861000",Commercial,"21629",Melbourne,Melbourne (C),"3000",7
"20668560000",Transport,"21319",Kensington (Vic.),Melbourne (C),"3031",0
"20392910000",Residential,"21629",Melbourne,Melbourne (C),"3000",131
"20393100000",Residential,"21629",Melbourne,Melbourne (C),"3000",270
"20393110000",Commercial,"21629",Melbourne,Melbourne (C),"3000",47
"20393180000",Residential,"21629",Melbourne,Melbourne (C),"3000",70
"20393190000",Commercial,"21629",Melbourne,Melbourne (C),"3000",3
"20393272000",Commercial,"21629",Melbourne,Melbourne (C),"3000",6
"20393360000",Commercial,"21629",Melbourne,Melbourne (C),"3000",20
"20393420000",Commercial,"21629",Melbourne,Melbourne (C),"3000",0
"20393460000",Commercial,"21629",Melbourne,Melbourne (C),"3000",0
"20393510000",Commercial,"21629",Melbourne,Melbourne (C),"3000",34
"20393726000",Residential,"21629",Melbourne,Melbourne (C),"3000",87
"20393750000",Commercial,"21629",Melbourne,Melbourne (C),"3000",37
"20393950000",Residential,"21629",Melbourne,Melbourne (C),"3000",203
"20394060000",Commercial,"21629",Melbourne,Melbourne (C),"3000",0
"20394430000",Commercial,"21629",Melbourne,Melbourne (C),"3000",0
"20394781000",Commercial,"22304",Southbank,Melbourne (C),"3006",0
"20394801000",Industrial,"22304",Southbank,Melbourne (C),"3006",0
"20394860000",Residential,"22304",Southbank,Melbourne (C),"3006",244
"20394910000",Residential,"22304",Southbank,Melbourne (C),"3006",65
"20394963000",Residential,"22304",Southbank,Melbourne (C),"3006",290
"20395010000",Education,"22304",Southbank,Melbourne (C),"3006",0
"20395160000",Transport,"22304",Southbank,Melbourne (C),"3006",0
"20400591000",Commercial,"22743",West Melbourne,Melbourne (C),"3003",0
"20400622000",Commercial,"22743",West Melbourne,Melbourne (C),"3003",0
"20400810000",Transport,"21319",Kensington (Vic.),Melbourne (C),"3031",0
"20400822000",Industrial,"21954",North Melbourne,Melbourne (C),"3051",0
"20400912000",Commercial,"22743",West Melbourne,Melbourne (C),"3003",0
"20400921000",Residential,"21319",Kensington (Vic.),Melbourne (C),"3031",32
"20400950000",Residential,"21319",Kensington (Vic.),Melbourne (C),"3031",63
"20401030000",Residential,"22743",West Melbourne,Melbourne (C),"3003",75
"20401171000",Commercial,"22743",West Melbourne,Melbourne (C),"3003",3
"20401220000",Residential,"21954",North Melbourne,Melbourne (C),"3051",35
"20401410000",Commercial,"22743",West Melbourne,Melbourne (C),"3003",42
"20401421000",Commercial,"21629",Melbourne,Melbourne (C),"3000",0
"20401490000",Commercial,"21954",North Melbourne,Melbourne (C),"3051",55
"20401570000",Commercial,"22743",West Melbourne,Melbourne (C),"3003",3
"20401592000",Commercial,"20492",Carlton (Vic.),Melbourne (C),"3053",3
"20401782000",Commercial,"20824",East Melbourne,Melbourne (C),"3002",0
"20401791000",Commercial,"20824",East Melbourne,Melbourne (C),"3002",0
"20401850000",Education,"21954",North Melbourne,Melbourne (C),"3051",0
"20401931000",Commercial,"20492",Carlton (Vic.),Melbourne (C),"3053",821
"20446250000",Residential,"21319",Kensington (Vic.),Melbourne (C),"3031",28
"20451822000",Industrial,"21319",Kensington (Vic.),Melbourne (C),"3031",0
"20451825000",Industrial,"21319",Kensington (Vic.),Melbourne (C),"3031",0
"20451871000",Industrial,"21954",North Melbourne,Melbourne (C),"3051",0
"20631900500",Commercial,"22304",Southbank,Melbourne (C),"3006",0
"20631900860",Commercial,"21954",North Melbourne,Melbourne (C),"3051",132
"20631915340",Commercial,"21954",North Melbourne,Melbourne (C),"3051",85
"20631922290",Residential,"22303",South Yarra,Melbourne (C),"3141",40
"20631936900",Residential,"20824",East Melbourne,Melbourne (C),"3002",10
"20631937550",Residential,"21319",Kensington (Vic.),Melbourne (C),"3031",47
"20631939190",Residential,"20824",East Melbourne,Melbourne (C),"3002",128
"20631943560",Residential,"20492",Carlton (Vic.),Melbourne (C),"3053",23
"20631956870",Commercial,"20492",Carlton (Vic.),Melbourne (C),"3053",0
"20631957100",Residential,"20492",Carlton (Vic.),Melbourne (C),"3053",112
"20631997100",Residential,"21629",Melbourne,Melbourne (C),"3000",156
"20668220000",Parkland,"20493",Carlton North,Melbourne (C),"3054",0
"20668350000",Transport,"22026",Parkville (Vic.),Melbourne (C),"3052",0
"20397951000",Commercial,"22095",Port Melbourne,Melbourne (C),"3207",0
"20397970000",Residential,"20824",East Melbourne,Melbourne (C),"3002",43
"20397990000",Residential,"20824",East Melbourne,Melbourne (C),"3002",27
"20398120000",Residential,"20492",Carlton (Vic.),Melbourne (C),"3053",7
"20398171000",Commercial,"20492",Carlton (Vic.),Melbourne (C),"3053",0
"20398320000",Parkland,"21319",Kensington (Vic.),Melbourne (C),"3031",0
"20398340000",Residential,"21319",Kensington (Vic.),Melbourne (C),"3031",237
"20398480000",Residential,"20824",East Melbourne,Melbourne (C),"3002",42
"20398590000",Residential,"21954",North Melbourne,Melbourne (C),"3051",38
"20398600000",Commercial,"21954",North Melbourne,Melbourne (C),"3051",74
"20398661000",Commercial,"22743",West Melbourne,Melbourne (C),"3003",15
"20398701000",Residential,"20492",Carlton (Vic.),Melbourne (C),"3053",21
"20398710000",Residential,"22303",South Yarra,Melbourne (C),"3141",16
"20398822000",Commercial,"20492",Carlton (Vic.),Melbourne (C),"3053",22
"20398852000",Residential,"22743",West Melbourne,Melbourne (C),"3003",38
"20398860000",Residential,"21954",North Melbourne,Melbourne (C),"3051",53
"20399032000",Residential,"22303",South Yarra,Melbourne (C),"3141",23
"20399050000",Residential,"21629",Melbourne,Melbourne (C),"3004",81
"20399230000",Residential,"20824",East Melbourne,Melbourne (C),"3002",36
"20399250000",Residential,"20824",East Melbourne,Melbourne (C),"3002",29
"20399350000",Residential,"20492",Carlton (Vic.),Melbourne (C),"3053",35
"20399711000",Commercial,"21954",North Melbourne,Melbourne (C),"3051",13
"20399870000",Residential,"22026",Parkville (Vic.),Melbourne (C),"3052",39
"20399952000",Residential,"20492",Carlton (Vic.),Melbourne (C),"3053",13
"20400030000",Hospital/Medical,"21629",Melbourne,Melbourne (C),"3004",3
"20400040000",Residential,"22303",South Yarra,Melbourne (C),"3141",32
"20400230000",Residential,"21319",Kensington (Vic.),Melbourne (C),"3031",25
"20400252000",Residential,"21319",Kensington (Vic.),Melbourne (C),"3031",16
"20400330000",Residential,"21319",Kensington (Vic.),Melbourne (C),"3031",35
"20400350000",Residential,"21319",Kensington (Vic.),Melbourne (C),"3031",46
"20400470000",Residential,"22026",Parkville (Vic.),Melbourne (C),"3052",21
"20400500000",Residential,"22026",Parkville (Vic.),Melbourne (C),"3052",23
"20448980000",Education,"21319",Kensington (Vic.),Melbourne (C),"3031",0
"20631903110",Commercial,"20760",Docklands,Melbourne (C),"3008",0
"20631919510",Residential,"20492",Carlton (Vic.),Melbourne (C),"3053",55
"20395290000",Commercial,"22304",Southbank,Melbourne (C),"3006",0
"20395322000",Residential,"22304",Southbank,Melbourne (C),"3006",321
"20395373000",Commercial,"20760",Docklands,Melbourne (C),"3008",0
"20395410000",Residential,"20760",Docklands,Melbourne (C),"3008",204
"20395500000",Residential,"22303",South Yarra,Melbourne (C),"3141",18
"20396170000",Residential,"21319",Kensington (Vic.),Melbourne (C),"3031",48
"20396301000",Commercial,"20492",Carlton (Vic.),Melbourne (C),"3053",0
"20396440000",Residential,"20824",East Melbourne,Melbourne (C),"3002",41
"20396480000",Residential,"22303",South Yarra,Melbourne (C),"3141",29
"20396530000",Residential,"22303",South Yarra,Melbourne (C),"3141",38
"20396790000",Residential,"20492",Carlton (Vic.),Melbourne (C),"3053",86
"20396820000",Residential,"20492",Carlton (Vic.),Melbourne (C),"3053",364
"20396970000",Residential,"21954",North Melbourne,Melbourne (C),"3051",32
"20396980000",Residential,"21954",North Melbourne,Melbourne (C),"3051",105
"20397020000",Residential,"22026",Parkville (Vic.),Melbourne (C),"3052",56
"20397100000",Residential,"21319",Kensington (Vic.),Melbourne (C),"3031",34
"20397141000",Residential,"21319",Kensington (Vic.),Melbourne (C),"3031",51
"20397190000",Parkland,"20492",Carlton (Vic.),Melbourne (C),"3053",0
"20397210000",Residential,"22743",West Melbourne,Melbourne (C),"3003",16
"20397311000",Residential,"20824",East Melbourne,Melbourne (C),"3002",57
"20397400000",Residential,"22303",South Yarra,Melbourne (C),"3141",24
"20397480000",Residential,"20492",Carlton (Vic.),Melbourne (C),"3053",36
"20397490000",Residential,"20492",Carlton (Vic.),Melbourne (C),"3053",46
"20397560000",Residential,"20492",Carlton (Vic.),Melbourne (C),"3053",27
"20397591000",Commercial,"20492",Carlton (Vic.),Melbourne (C),"3053",22
"20397780000",Residential,"21954",North Melbourne,Melbourne (C),"3051",28
"20397801000",Residential,"21319",Kensington (Vic.),Melbourne (C),"3031",33
"20397820000",Residential,"21629",Melbourne,Melbourne (C),"3000",123
"20397870000",Residential,"21954",North Melbourne,Melbourne (C),"3051",8
"20397890000",Residential,"21954",North Melbourne,Melbourne (C),"3051",141
"20397920000",Residential,"22743",West Melbourne,Melbourne (C),"3003",29
"20450851000",Residential,"21319",Kensington (Vic.),Melbourne (C),"3031",21
"20450910000",Residential,"21319",Kensington (Vic.),Melbourne (C),"3031",38
"20450920000",Residential,"21319",Kensington (Vic.),Melbourne (C),"3031",29
"20631980360",Commercial,"20760",Docklands,Melbourne (C),"3008",0
"20631980620",Residential,"20760",Docklands,Melbourne (C),"3008",26
"20631988710",Commercial,"20492",Carlton (Vic.),Melbourne (C),"3053",0
"20631995070",Parkland,"21629",Melbourne,Melbourne (C),"3000",0
"20675160000",Parkland,"22026",Parkville (Vic.),Melbourne (C),"3052",0
"20675180000",Parkland,"22026",Parkville (Vic.),Melbourne (C),"3052",0
"20675190000",Parkland,"21629",Melbourne,Melbourne (C),"3004",0
"20675210000",Water,"22743",West Melbourne,Melbourne (C),"3003",0
"20675220000",Water,"22743",West Melbourne,Melbourne (C),"3003",0
"20675310000",Water,"21954",North Melbourne,Melbourne (C),"3031",0
"20631899960",Commercial,"21629",Melbourne,Melbourne (C),"3000",0
"20631925950",Commercial,"20492",Carlton (Vic.),Melbourne (C),"3053",60
"20631940270",Residential,"22303",South Yarra,Melbourne (C),"3141",57
"20631953010",Residential,"20492",Carlton (Vic.),Melbourne (C),"3053",31
"20631953180",Commercial,"20760",Docklands,Melbourne (C),"3008",0
"20631981920",Residential,"22304",Southbank,Melbourne (C),"3006",196
"20631982930",Commercial,"21629",Melbourne,Melbourne (C),"3000",3
"20631983600",Residential,"20492",Carlton (Vic.),Melbourne (C),"3053",224
"20631989280",Residential,"21629",Melbourne,Melbourne (C),"3000",510
"20664310000",Commercial,"21629",Melbourne,Melbourne (C),"3000",34
"20664330000",Commercial,"21629",Melbourne,Melbourne (C),"3000",171
"20664340000",Commercial,"21629",Melbourne,Melbourne (C),"3000",38
"20664460000",Commercial,"21629",Melbourne,Melbourne (C),"3000",0
"20664470000",Commercial,"21629",Melbourne,Melbourne (C),"3000",0
"20664480000",Commercial,"21629",Melbourne,Melbourne (C),"3000",0
"20664761000",Commercial,"21629",Melbourne,Melbourne (C),"3000",0
"20664762000",Commercial,"21629",Melbourne,Melbourne (C),"3000",39
"20664801000",Commercial,"21629",Melbourne,Melbourne (C),"3000",0
"20664830000",Commercial,"21629",Melbourne,Melbourne (C),"3000",0
"20664842000",Commercial,"21629",Melbourne,Melbourne (C),"3000",25
"20664863000",Commercial,"21629",Melbourne,Melbourne (C),"3000",16
"20664882000",Commercial,"21629",Melbourne,Melbourne (C),"3000",0
"20664902000",Commercial,"21629",Melbourne,Melbourne (C),"3000",14
"20668530000",Transport,"21319",Kensington (Vic.),Melbourne (C),"3031",0
"20668550000",Transport,"21319",Kensington (Vic.),Melbourne (C),"3031",0
"20689950000",Water,"22095",Port Melbourne,Melbourne (C),"3207",0
"20397962000",Residential,"21954",North Melbourne,Melbourne (C),"3051",75
"20398030000",Residential,"20824",East Melbourne,Melbourne (C),"3002",41
"20398280000",Residential,"21319",Kensington (Vic.),Melbourne (C),"3031",17
"20398361000",Residential,"21319",Kensington (Vic.),Melbourne (C),"3031",40
"20398431000",Commercial,"20492",Carlton (Vic.),Melbourne (C),"3053",3
"20398450000",Residential,"22303",South Yarra,Melbourne (C),"3141",30
"20398833000",Commercial,"20492",Carlton (Vic.),Melbourne (C),"3053",3
"20398840000",Residential,"22743",West Melbourne,Melbourne (C),"3003",46
"20398901000",Commercial,"21954",North Melbourne,Melbourne (C),"3051",25
"20398912000",Residential,"21319",Kensington (Vic.),Melbourne (C),"3031",23
"20398963000",Commercial,"22743",West Melbourne,Melbourne (C),"3003",11
"20398970000",Parkland,"22743",West Melbourne,Melbourne (C),"3003",0
"20398982000",Commercial,"21629",Melbourne,Melbourne (C),"3000",354
"20399070000",Residential,"22303",South Yarra,Melbourne (C),"3141",36
"20399100000",Education,"22303",South Yarra,Melbourne (C),"3141",0
"20399291000",Residential,"20824",East Melbourne,Melbourne (C),"3002",330
"20399292000",Residential,"20824",East Melbourne,Melbourne (C),"3002",13
"20399531000",Residential,"21319",Kensington (Vic.),Melbourne (C),"3031",32
"20399590000",Residential,"21319",Kensington (Vic.),Melbourne (C),"3031",31
"20399630000",Water,"21954",North Melbourne,Melbourne (C),"3031",0
"20399642000",Commercial,"22743",West Melbourne,Melbourne (C),"3003",29
"20399760000",Residential,"22026",Parkville (Vic.),Melbourne (C),"3052",28
"20399801000",Commercial,"21954",North Melbourne,Melbourne (C),"3051",152
"20399860000",Residential,"22026",Parkville (Vic.),Melbourne (C),"3052",37
"20399942000",Commercial,"20492",Carlton (Vic.),Melbourne (C),"3053",0
"20399980000",Residential,"20492",Carlton (Vic.),Melbourne (C),"3053",63
"20400160000",Residential,"20824",East Melbourne,Melbourne (C),"3002",38
"20400210000",Parkland,"20493",Carlton North,Melbourne (C),"3054",3
"20400251000",Parkland,"21319",Kensington (Vic.),Melbourne (C),"3031",0
"20400282000",Education,"20492",Carlton (Vic.),Melbourne (C),"3053",546
"20400390000",Residential,"22026",Parkville (Vic.),Melbourne (C),"3052",35
"20400400000",Residential,"22026",Parkville (Vic.),Melbourne (C),"3052",49
"20400460000",Education,"22026",Parkville (Vic.),Melbourne (C),"3052",0
"20447470000",Residential,"21319",Kensington (Vic.),Melbourne (C),"3031",36
"20447490000",Residential,"21319",Kensington (Vic.),Melbourne (C),"3031",34
"20631903150",Residential,"20492",Carlton (Vic.),Melbourne (C),"3053",0
"20631904090",Residential,"22026",Parkville (Vic.),Melbourne (C),"3052",35
"20631904290",Residential,"22026",Parkville (Vic.),Melbourne (C),"3052",155
"20631904300",Residential,"22026",Parkville (Vic.),Melbourne (C),"3052",46
"20631911410",Residential,"20760",Docklands,Melbourne (C),"3008",135
"20631919070",Commercial,"20492",Carlton (Vic.),Melbourne (C),"3053",6
"20631926900",Residential,"20760",Docklands,Melbourne (C),"3008",495
"20631934010",Hospital/Medical,"20492",Carlton (Vic.),Melbourne (C),"3053",0
"20631945340",Residential,"21629",Melbourne,Melbourne (C),"3000",131
"20631945480",Residential,"22304",Southbank,Melbourne (C),"3006",703
"20631946550",Residential,"21954",North Melbourne,Melbourne (C),"3051",23
"20631980380",Residential,"20760",Docklands,Melbourne (C),"3008",169
"20631980590",Parkland,"20760",Docklands,Melbourne (C),"3008",0
"20675320000",Parkland,"21954",North Melbourne,Melbourne (C),"3051",0
"20397952000",Commercial,"22095",Port Melbourne,Melbourne (C),"3207",0
"20398172000",Commercial,"20492",Carlton (Vic.),Melbourne (C),"3053",0
"20398330000",Residential,"21319",Kensington (Vic.),Melbourne (C),"3031",34
"20398351000",Residential,"21319",Kensington (Vic.),Melbourne (C),"3031",25
"20398410000",Residential,"21954",North Melbourne,Melbourne (C),"3051",15
"20398420000",Residential,"22743",West Melbourne,Melbourne (C),"3003",34
"20398490000",Residential,"20824",East Melbourne,Melbourne (C),"3002",39
"20398510000",Residential,"20492",Carlton (Vic.),Melbourne (C),"3053",35
"20398610000",Residential,"21319",Kensington (Vic.),Melbourne (C),"3031",54
"20398630000",Commercial,"20492",Carlton (Vic.),Melbourne (C),"3053",173
"20398730000",Residential,"20824",East Melbourne,Melbourne (C),"3002",29
"20398793000",Residential,"21319",Kensington (Vic.),Melbourne (C),"3031",26
"20398800000",Residential,"21319",Kensington (Vic.),Melbourne (C),"3031",33
"20398831000",Commercial,"20492",Carlton (Vic.),Melbourne (C),"3053",6
"20398851000",Commercial,"22743",West Melbourne,Melbourne (C),"3003",44
"20398890000",Commercial,"22743",West Melbourne,Melbourne (C),"3003",39
"20399040000",Residential,"21629",Melbourne,Melbourne (C),"3004",35
"20399090000",Residential,"22303",South Yarra,Melbourne (C),"3141",41
"20399330000",Commercial,"20824",East Melbourne,Melbourne (C),"3002",3
"20399360000",Residential,"20492",Carlton (Vic.),Melbourne (C),"3053",22
"20399400000",Residential,"20492",Carlton (Vic.),Melbourne (C),"3053",20
"20399570000",Residential,"21319",Kensington (Vic.),Melbourne (C),"3031",22
"20399620000",Residential,"21319",Kensington (Vic.),Melbourne (C),"3031",49
"20399644000",Residential,"22743",West Melbourne,Melbourne (C),"3003",8
"20399660000",Residential,"21954",North Melbourne,Melbourne (C),"3051",49
"20399690000",Residential,"21954",North Melbourne,Melbourne (C),"3051",79
"20399721000",Residential,"21954",North Melbourne,Melbourne (C),"3051",64
"20399740000",Residential,"21954",North Melbourne,Melbourne (C),"3051",24
"20399770000",Residential,"22026",Parkville (Vic.),Melbourne (C),"3052",40
"20399840000",Parkland,"20492",Carlton (Vic.),Melbourne (C),"3053",0
"20399960000",Commercial,"20492",Carlton (Vic.),Melbourne (C),"3053",4
"20399990000",Parkland,"22303",South Yarra,Melbourne (C),"3141",0
"20400120000",Residential,"22303",South Yarra,Melbourne (C),"3141",33
"20400240000",Residential,"21319",Kensington (Vic.),Melbourne (C),"3031",23
"20400480000",Residential,"22026",Parkville (Vic.),Melbourne (C),"3052",24
"20447440000",Residential,"21319",Kensington (Vic.),Melbourne (C),"3031",44
"20448500000",Residential,"21319",Kensington (Vic.),Melbourne (C),"3031",41
"20448520000",Residential,"21319",Kensington (Vic.),Melbourne (C),"3031",42
"20631911400",Residential,"22304",Southbank,Melbourne (C),"3006",153
"20631928410",Commercial,"21954",North Melbourne,Melbourne (C),"3051",19
"20631934020",Commercial,"20492",Carlton (Vic.),Melbourne (C),"3053",0
"20631934030",Commercial,"20492",Carlton (Vic.),Melbourne (C),"3053",0
"20631934730",Residential,"22303",South Yarra,Melbourne (C),"3141",42
"20631935690",Residential,"22304",Southbank,Melbourne (C),"3006",653
"20631935920",Residential,"21954",North Melbourne,Melbourne (C),"3051",54
"20631945370",Residential,"22304",Southbank,Melbourne (C),"3006",315
"20631980390",Residential,"20760",Docklands,Melbourne (C),"3008",156
"20631980720",Residential,"20760",Docklands,Melbourne (C),"3008",24
"20631987810",Residential,"22026",Parkville (Vic.),Melbourne (C),"3052",22
"20631994110",Commercial,"20492",Carlton (Vic.),Melbourne (C),"3053",0
"20631994990",Residential,"20824",East Melbourne,Melbourne (C),"3002",41
"20392870000",Commercial,"21629",Melbourne,Melbourne (C),"3000",0
"20392950000",Commercial,"21629",Melbourne,Melbourne (C),"3000",30
"20393080000",Commercial,"21629",Melbourne,Melbourne (C),"3000",0
"20393170000",Residential,"21629",Melbourne,Melbourne (C),"3000",182
"20393581000",Commercial,"21629",Melbourne,Melbourne (C),"3000",0
"20393721000",Transport,"21629",Melbourne,Melbourne (C),"3000",8
"20393730000",Commercial,"21629",Melbourne,Melbourne (C),"3000",0
"20393810000",Commercial,"21629",Melbourne,Melbourne (C),"3000",16
"20393890000",Commercial,"21629",Melbourne,Melbourne (C),"3000",13
"20393902000",Commercial,"21629",Melbourne,Melbourne (C),"3000",0
"20393920000",Commercial,"21629",Melbourne,Melbourne (C),"3000",14
"20394030000",Commercial,"21629",Melbourne,Melbourne (C),"3000",3
"20394121000",Commercial,"21629",Melbourne,Melbourne (C),"3000",12
"20394230000",Commercial,"21629",Melbourne,Melbourne (C),"3000",8
"20394330000",Commercial,"21629",Melbourne,Melbourne (C),"3000",0
"20394420000",Commercial,"21629",Melbourne,Melbourne (C),"3000",26
"20394630000",Commercial,"21629",Melbourne,Melbourne (C),"3000",16
"20394731000",Commercial,"21629",Melbourne,Melbourne (C),"3000",560
"20394824000",Commercial,"20760",Docklands,Melbourne (C),"3005",0
"20394830000",Residential,"22304",Southbank,Melbourne (C),"3006",79
"20394880000",Residential,"22304",Southbank,Melbourne (C),"3006",183
"20394930000",Residential,"22304",Southbank,Melbourne (C),"3006",91
"20395060000",Commercial,"22304",Southbank,Melbourne (C),"3006",118
"20395230000",Commercial,"20760",Docklands,Melbourne (C),"3008",113
"20400522000",Residential,"22026",Parkville (Vic.),Melbourne (C),"3052",3
"20400690000",Education,"21629",Melbourne,Melbourne (C),"3004",5
"20400750000",Parkland,"22026",Parkville (Vic.),Melbourne (C),"3052",6
"20400771000",Residential,"21319",Kensington (Vic.),Melbourne (C),"3031",58
"20400780000",Residential,"21319",Kensington (Vic.),Melbourne (C),"3031",47
"20400850000",Residential,"22303",South Yarra,Melbourne (C),"3141",33
"20400942000",Residential,"21319",Kensington (Vic.),Melbourne (C),"3031",14
"20400960000",Commercial,"21319",Kensington (Vic.),Melbourne (C),"3031",0
"20401040000",Commercial,"22743",West Melbourne,Melbourne (C),"3003",39
"20401060000",Residential,"21954",North Melbourne,Melbourne (C),"3051",25
"20401100000",Residential,"20492",Carlton (Vic.),Melbourne (C),"3053",85
"20401241000",Industrial,"21954",North Melbourne,Melbourne (C),"3051",0
"20401280000",Residential,"21954",North Melbourne,Melbourne (C),"3051",35
"20401350000",Residential,"22026",Parkville (Vic.),Melbourne (C),"3052",49
"20401400000",Residential,"22743",West Melbourne,Melbourne (C),"3003",480
"20401443000",Commercial,"20492",Carlton (Vic.),Melbourne (C),"3053",10
"20401461000",Commercial,"21954",North Melbourne,Melbourne (C),"3051",21
"20401552000",Commercial,"21629",Melbourne,Melbourne (C),"3000",71
"20401610000",Residential,"20492",Carlton (Vic.),Melbourne (C),"3053",34
"20401690000",Residential,"22303",South Yarra,Melbourne (C),"3141",39
"20401783000",Commercial,"20824",East Melbourne,Melbourne (C),"3002",0
"20401800000",Hospital/Medical,"20824",East Melbourne,Melbourne (C),"3002",0
"20401822000",Commercial,"20492",Carlton (Vic.),Melbourne (C),"3053",0
"20401870000",Parkland,"20824",East Melbourne,Melbourne (C),"3002",0
"20401924000",Parkland,"22743",West Melbourne,Melbourne (C),"3003",0
"20631900930",Commercial,"21629",Melbourne,Melbourne (C),"3000",0
"20631900940",Residential,"21629",Melbourne,Melbourne (C),"3000",464
"20631913360",Transport,"22304",Southbank,Melbourne (C),"3006",0
"20631922530",Residential,"20492",Carlton (Vic.),Melbourne (C),"3053",82
"20631929180",Residential,"22026",Parkville (Vic.),Melbourne (C),"3052",46
"20631936970",Parkland,"20760",Docklands,Melbourne (C),"3008",0
"20631941900",Commercial,"21629",Melbourne,Melbourne (C),"3000",58
"20631956850",Residential,"20760",Docklands,Melbourne (C),"3008",0
"20631957120",Commercial,"20492",Carlton (Vic.),Melbourne (C),"3053",43
"20631957130",Residential,"20492",Carlton (Vic.),Melbourne (C),"3053",100
"20668210000",Parkland,"20824",East Melbourne,Melbourne (C),"3002",24
"20668380000",Transport,"22026",Parkville (Vic.),Melbourne (C),"3052",0
"21299870000",Residential,"22303",South Yarra,Melbourne (C),"3141",66
"20395302000",Commercial,"22304",Southbank,Melbourne (C),"3006",3
"20395332000",Commercial,"22304",Southbank,Melbourne (C),"3006",8
"20395400000",Residential,"20760",Docklands,Melbourne (C),"3008",411
"20395457000",Residential,"20760",Docklands,Melbourne (C),"3008",191
"20395460000",Residential,"22304",Southbank,Melbourne (C),"3006",239
"20395580000",Residential,"20824",East Melbourne,Melbourne (C),"3002",23
"20395630000",Residential,"22303",South Yarra,Melbourne (C),"3141",28
"20395660000",Residential,"22303",South Yarra,Melbourne (C),"3141",32
"20395700000",Residential,"20824",East Melbourne,Melbourne (C),"3002",38
"20395760000",Residential,"20492",Carlton (Vic.),Melbourne (C),"3053",35
"20395790000",Residential,"20492",Carlton (Vic.),Melbourne (C),"3053",41
"20395891000",Commercial,"21629",Melbourne,Melbourne (C),"3000",0
"20395900000",Commercial,"20492",Carlton (Vic.),Melbourne (C),"3053",63
"20395930000",Residential,"20492",Carlton (Vic.),Melbourne (C),"3053",20
"20396010000",Residential,"21954",North Melbourne,Melbourne (C),"3051",30
"20396060000",Residential,"22026",Parkville (Vic.),Melbourne (C),"3052",43
"20396111000",Commercial,"21954",North Melbourne,Melbourne (C),"3051",50
"20396331000",Residential,"21954",North Melbourne,Melbourne (C),"3051",11
"20396360000",Residential,"22743",West Melbourne,Melbourne (C),"3003",48
"20396380000",Residential,"22743",West Melbourne,Melbourne (C),"3003",50
"20396390000",Residential,"20824",East Melbourne,Melbourne (C),"3002",17
"20396421000",Commercial,"20824",East Melbourne,Melbourne (C),"3002",15
"20396570000",Residential,"22303",South Yarra,Melbourne (C),"3141",15
"20396620000",Residential,"20824",East Melbourne,Melbourne (C),"3002",69
"20396762000",Commercial,"20492",Carlton (Vic.),Melbourne (C),"3053",25
"20396850000",Residential,"20492",Carlton (Vic.),Melbourne (C),"3053",38
"20396880000",Commercial,"21629",Melbourne,Melbourne (C),"3000",0
"20397060000",Residential,"21954",North Melbourne,Melbourne (C),"3051",42
"20397120000",Residential,"21319",Kensington (Vic.),Melbourne (C),"3031",34
"20397151000",Residential,"21319",Kensington (Vic.),Melbourne (C),"3031",34
"20397320000",Residential,"20824",East Melbourne,Melbourne (C),"3002",63
"20397360000",Residential,"20824",East Melbourne,Melbourne (C),"3002",22
"20397570000",Residential,"20492",Carlton (Vic.),Melbourne (C),"3053",32
"20397593000",Commercial,"20492",Carlton (Vic.),Melbourne (C),"3053",6
"20397620000",Commercial,"21629",Melbourne,Melbourne (C),"3000",8
"20397850000",Residential,"22743",West Melbourne,Melbourne (C),"3003",39
"20397910000",Residential,"22743",West Melbourne,Melbourne (C),"3003",45
"20449200000",Residential,"21319",Kensington (Vic.),Melbourne (C),"3031",65
"20449331000",Commercial,"21319",Kensington (Vic.),Melbourne (C),"3031",0
"20450280000",Residential,"21319",Kensington (Vic.),Melbourne (C),"3031",48
"20450832000",Residential,"21954",North Melbourne,Melbourne (C),"3051",117
"20450834000",Commercial,"21954",North Melbourne,Melbourne (C),"3051",10
"20631898570",Residential,"21954",North Melbourne,Melbourne (C),"3051",61
"20631899340",Commercial,"22304",Southbank,Melbourne (C),"3006",3
"20631899930",Residential,"21954",North Melbourne,Melbourne (C),"3051",178
"20631932030",Commercial,"20492",Carlton (Vic.),Melbourne (C),"3053",124
"20631941350",Residential,"20492",Carlton (Vic.),Melbourne (C),"3053",123
"20631983170",Commercial,"21629",Melbourne,Melbourne (C),"3000",0
"20631989880",Commercial,"20492",Carlton (Vic.),Melbourne (C),"3053",0
"20664390000",Commercial,"21629",Melbourne,Melbourne (C),"3000",37
"20664420000",Commercial,"21629",Melbourne,Melbourne (C),"3000",7
"20664440000",Commercial,"21629",Melbourne,Melbourne (C),"3000",326
"20664610000",Commercial,"21629",Melbourne,Melbourne (C),"3000",0
"20664711000",Commercial,"21629",Melbourne,Melbourne (C),"3000",0
"20664713000",Commercial,"21629",Melbourne,Melbourne (C),"3000",85
"20664802000",Commercial,"21629",Melbourne,Melbourne (C),"3000",0
"20664841000",Commercial,"21629",Melbourne,Melbourne (C),"3000",0
"20664851000",Commercial,"21629",Melbourne,Melbourne (C),"3000",0
"20664862000",Commercial,"21629",Melbourne,Melbourne (C),"3000",0
"20668540000",Transport,"21319",Kensington (Vic.),Melbourne (C),"3031",0
"20668610000",Parkland,"22743",West Melbourne,Melbourne (C),"3003",0
"20395342000",Residential,"22304",Southbank,Melbourne (C),"3006",317
"20395371000",Commercial,"20760",Docklands,Melbourne (C),"3008",0
"20395390000",Residential,"20760",Docklands,Melbourne (C),"3008",176
"20395510000",Residential,"20824",East Melbourne,Melbourne (C),"3002",57
"20395720000",Residential,"20824",East Melbourne,Melbourne (C),"3002",31
"20395830000",Residential,"20492",Carlton (Vic.),Melbourne (C),"3053",36
"20395870000",Residential,"20492",Carlton (Vic.),Melbourne (C),"3053",115
"20395940000",Residential,"20492",Carlton (Vic.),Melbourne (C),"3053",33
"20396020000",Residential,"21954",North Melbourne,Melbourne (C),"3051",52
"20396070000",Residential,"22026",Parkville (Vic.),Melbourne (C),"3052",40
"20396134000",Residential,"21954",North Melbourne,Melbourne (C),"3051",5
"20396200000",Residential,"21319",Kensington (Vic.),Melbourne (C),"3031",24
"20396450000",Residential,"22303",South Yarra,Melbourne (C),"3141",49
"20396680000",Residential,"20492",Carlton (Vic.),Melbourne (C),"3053",25
"20396740000",Commercial,"20492",Carlton (Vic.),Melbourne (C),"3053",0
"20396801000",Commercial,"21629",Melbourne,Melbourne (C),"3000",7
"20396870000",Residential,"20492",Carlton (Vic.),Melbourne (C),"3053",42
"20396890000",Commercial,"21954",North Melbourne,Melbourne (C),"3051",150
"20396910000",Residential,"22743",West Melbourne,Melbourne (C),"3003",149
"20396922000",Commercial,"22743",West Melbourne,Melbourne (C),"3003",4
"20397130000",Residential,"21319",Kensington (Vic.),Melbourne (C),"3031",37
"20397160000",Commercial,"20492",Carlton (Vic.),Melbourne (C),"3053",41
"20397340000",Residential,"22303",South Yarra,Melbourne (C),"3141",24
"20397350000",Residential,"22303",South Yarra,Melbourne (C),"3141",29
"20397500000",Residential,"20492",Carlton (Vic.),Melbourne (C),"3053",46
"20397594000",Commercial,"20492",Carlton (Vic.),Melbourne (C),"3053",10
"20397690000",Residential,"21954",North Melbourne,Melbourne (C),"3051",37
"20397730000",Residential,"22026",Parkville (Vic.),Melbourne (C),"3052",54
"20397760000",Residential,"21954",North Melbourne,Melbourne (C),"3051",139
"20397802000",Residential,"21319",Kensington (Vic.),Melbourne (C),"3031",16
"20443710000",Residential,"21319",Kensington (Vic.),Melbourne (C),"3031",38
"20449292000",Residential,"21954",North Melbourne,Melbourne (C),"3051",30
"20449340000",Residential,"21319",Kensington (Vic.),Melbourne (C),"3031",56
"20449370000",Residential,"21319",Kensington (Vic.),Melbourne (C),"3031",52
"20450971000",Residential,"21954",North Melbourne,Melbourne (C),"3051",164
"20631899350",Residential,"22304",Southbank,Melbourne (C),"3006",290
"20631899940",Residential,"21954",North Melbourne,Melbourne (C),"3051",108
"20631917070",Commercial,"20492",Carlton (Vic.),Melbourne (C),"3053",0
"20631924810",Residential,"20492",Carlton (Vic.),Melbourne (C),"3053",295
"20631925890",Commercial,"20760",Docklands,Melbourne (C),"3008",0
"20631953190",Parkland,"20760",Docklands,Melbourne (C),"3008",0
"20631974300",Residential,"21319",Kensington (Vic.),Melbourne (C),"3031",257
"20631974310",Residential,"21319",Kensington (Vic.),Melbourne (C),"3031",27
"20631975650",Residential,"22303",South Yarra,Melbourne (C),"3141",43
"20631981390",Commercial,"21629",Melbourne,Melbourne (C),"3000",0
"20631981790",Commercial,"21629",Melbourne,Melbourne (C),"3000",4
"20664260000",Commercial,"21629",Melbourne,Melbourne (C),"3000",74
"20664370000",Commercial,"21629",Melbourne,Melbourne (C),"3000",37
"20664550000",Commercial,"21629",Melbourne,Melbourne (C),"3000",0
"20664600000",Residential,"21629",Melbourne,Melbourne (C),"3000",178
"20664640000",Commercial,"21629",Melbourne,Melbourne (C),"3000",0
"20664740000",Commercial,"21629",Melbourne,Melbourne (C),"3000",0
"20664790000",Commercial,"21629",Melbourne,Melbourne (C),"3000",0
"20664852000",Commercial,"21629",Melbourne,Melbourne (C),"3000",0
"20664870000",Commercial,"21629",Melbourne,Melbourne (C),"3000",0
"20398100000",Residential,"20492",Carlton (Vic.),Melbourne (C),"3053",27
"20398110000",Residential,"20492",Carlton (Vic.),Melbourne (C),"3053",36
"20398173000",Commercial,"20492",Carlton (Vic.),Melbourne (C),"3053",0
"20398203000",Commercial,"21629",Melbourne,Melbourne (C),"3000",635
"20398432000",Commercial,"20492",Carlton (Vic.),Melbourne (C),"3053",0
"20398520000",Parkland,"20492",Carlton (Vic.),Melbourne (C),"3053",0
"20398540000",Residential,"21954",North Melbourne,Melbourne (C),"3051",38
"20398570000",Residential,"21954",North Melbourne,Melbourne (C),"3051",28
"20398671000",Commercial,"21954",North Melbourne,Melbourne (C),"3051",57
"20398740000",Residential,"20492",Carlton (Vic.),Melbourne (C),"3053",27
"20398940000",Commercial,"22095",Port Melbourne,Melbourne (C),"3207",0
"20398951000",Commercial,"22095",Port Melbourne,Melbourne (C),"3207",0
"20399010000",Residential,"21629",Melbourne,Melbourne (C),"3000",393
"20399260000",Residential,"20824",East Melbourne,Melbourne (C),"3002",32
"20399310000",Residential,"20824",East Melbourne,Melbourne (C),"3002",23
"20399390000",Residential,"20492",Carlton (Vic.),Melbourne (C),"3053",33
"20399410000",Residential,"20492",Carlton (Vic.),Melbourne (C),"3053",29
"20399430000",Residential,"20492",Carlton (Vic.),Melbourne (C),"3053",28
"20399450000",Residential,"20492",Carlton (Vic.),Melbourne (C),"3053",40
"20399460000",Parkland,"20493",Carlton North,Melbourne (C),"3054",0
"20399470000",Education,"21954",North Melbourne,Melbourne (C),"3051",0
"20399600000",Residential,"21319",Kensington (Vic.),Melbourne (C),"3031",26
"20399680000",Residential,"22743",West Melbourne,Melbourne (C),"3003",28
"20399722000",Residential,"21954",North Melbourne,Melbourne (C),"3051",44
"20399972000",Commercial,"20492",Carlton (Vic.),Melbourne (C),"3053",30
"20400150000",Residential,"22303",South Yarra,Melbourne (C),"3141",36
"20400190000",Education,"21629",Melbourne,Melbourne (C),"3004",0
"20400220000",Residential,"22026",Parkville (Vic.),Melbourne (C),"3052",49
"20400260000",Residential,"21954",North Melbourne,Melbourne (C),"3051",34
"20447400000",Residential,"21954",North Melbourne,Melbourne (C),"3051",53
"20448990000",Residential,"21319",Kensington (Vic.),Melbourne (C),"3031",30
"20631936520",Residential,"21319",Kensington (Vic.),Melbourne (C),"3031",35
"20631936550",Residential,"20492",Carlton (Vic.),Melbourne (C),"3053",24
"20631945350",Commercial,"21629",Melbourne,Melbourne (C),"3000",0
"20631945470",Industrial,"22304",Southbank,Melbourne (C),"3006",0
"20631945490",Transport,"22302",South Wharf,Melbourne (C),"3006",0
"20631980580",Residential,"20760",Docklands,Melbourne (C),"3008",0
"20631988570",Commercial,"21629",Melbourne,Melbourne (C),"3000",0
"20631994530",Residential,"22303",South Yarra,Melbourne (C),"3141",46
"20631995120",Residential,"21319",Kensington (Vic.),Melbourne (C),"3031",35
"20675290000",Water,"21954",North Melbourne,Melbourne (C),"3031",0
"20675300000",Water,"21954",North Melbourne,Melbourne (C),"3031",0
"20392890000",Commercial,"21629",Melbourne,Melbourne (C),"3000",33
"20393120000",Commercial,"21629",Melbourne,Melbourne (C),"3000",4
"20393450000",Residential,"21629",Melbourne,Melbourne (C),"3000",131
"20393680000",Commercial,"21629",Melbourne,Melbourne (C),"3000",43
"20393972000",Commercial,"21629",Melbourne,Melbourne (C),"3000",12
"20394050000",Commercial,"21629",Melbourne,Melbourne (C),"3000",3
"20394100000",Commercial,"21629",Melbourne,Melbourne (C),"3000",19
"20394180000",Commercial,"21629",Melbourne,Melbourne (C),"3000",4
"20394500000",Commercial,"21629",Melbourne,Melbourne (C),"3000",69
"20394531000",Commercial,"21629",Melbourne,Melbourne (C),"3000",7
"20394570000",Commercial,"21629",Melbourne,Melbourne (C),"3000",11
"20394733000",Commercial,"21629",Melbourne,Melbourne (C),"3000",0
"20394770000",Transport,"20760",Docklands,Melbourne (C),"3008",0
"20394821000",Commercial,"22302",South Wharf,Melbourne (C),"3006",26
"20394850000",Residential,"22304",Southbank,Melbourne (C),"3006",186
"20394940000",Residential,"22304",Southbank,Melbourne (C),"3006",119
"20394970000",Residential,"22304",Southbank,Melbourne (C),"3006",76
"20394980000",Residential,"22304",Southbank,Melbourne (C),"3006",201
"20395090000",Commercial,"20760",Docklands,Melbourne (C),"3005",282
"20395122000",Commercial,"22304",Southbank,Melbourne (C),"3006",0
"20395130000",Residential,"22304",Southbank,Melbourne (C),"3006",275
"20395172000",Commercial,"20760",Docklands,Melbourne (C),"3008",9
"20395173000",Commercial,"20760",Docklands,Melbourne (C),"3008",0
"20395200000",Residential,"20760",Docklands,Melbourne (C),"3008",266
"20400573000",Industrial,"22095",Port Melbourne,Melbourne (C),"3207",0
"20400670000",Residential,"21629",Melbourne,Melbourne (C),"3004",77
"20400792000",Industrial,"21319",Kensington (Vic.),Melbourne (C),"3031",0
"20400830000",Hospital/Medical,"20824",East Melbourne,Melbourne (C),"3002",0
"20400860000",Residential,"22303",South Yarra,Melbourne (C),"3141",30
"20400911000",Commercial,"22743",West Melbourne,Melbourne (C),"3003",0
"20401021000",Commercial,"20492",Carlton (Vic.),Melbourne (C),"3053",0
"20401080000",Residential,"21954",North Melbourne,Melbourne (C),"3051",26
"20401120000",Commercial,"22303",South Yarra,Melbourne (C),"3141",8
"20401132000",Residential,"21954",North Melbourne,Melbourne (C),"3051",155
"20401180000",Commercial,"20492",Carlton (Vic.),Melbourne (C),"3053",53
"20401190000",Residential,"20824",East Melbourne,Melbourne (C),"3002",57
"20401251000",Commercial,"22743",West Melbourne,Melbourne (C),"3003",25
"20401260000",Commercial,"22743",West Melbourne,Melbourne (C),"3003",0
"20401561000",Commercial,"20492",Carlton (Vic.),Melbourne (C),"3053",167
"20401591000",Commercial,"20492",Carlton (Vic.),Melbourne (C),"3053",0
"20401750000",Residential,"20824",East Melbourne,Melbourne (C),"3002",28
"20401792000",Commercial,"20824",East Melbourne,Melbourne (C),"3002",0
"20401824000",Commercial,"20492",Carlton (Vic.),Melbourne (C),"3053",0
"20401880000",Parkland,"20824",East Melbourne,Melbourne (C),"3002",3
"20401890000",Residential,"20492",Carlton (Vic.),Melbourne (C),"3053",13
"20401913000",Commercial,"22743",West Melbourne,Melbourne (C),"3003",0
"20392860000",Commercial,"21629",Melbourne,Melbourne (C),"3000",5
"20392940000",Residential,"21629",Melbourne,Melbourne (C),"3000",221
"20392970000",Commercial,"21629",Melbourne,Melbourne (C),"3000",22
"20393201000",Commercial,"21629",Melbourne,Melbourne (C),"3000",0
"20393271000",Commercial,"21629",Melbourne,Melbourne (C),"3000",0
"20393273000",Commercial,"21629",Melbourne,Melbourne (C),"3000",0
"20393300000",Residential,"21629",Melbourne,Melbourne (C),"3000",136
"20393320000",Commercial,"21629",Melbourne,Melbourne (C),"3000",61
"20393550000",Commercial,"21629",Melbourne,Melbourne (C),"3000",34
"20393901000",Commercial,"21629",Melbourne,Melbourne (C),"3000",0
"20393932000",Commercial,"21629",Melbourne,Melbourne (C),"3000",0
"20394090000",Commercial,"21629",Melbourne,Melbourne (C),"3000",29
"20394110000",Residential,"21629",Melbourne,Melbourne (C),"3000",77
"20394560000",Commercial,"21629",Melbourne,Melbourne (C),"3000",73
"20394790000",Education,"22304",Southbank,Melbourne (C),"3006",0
"20394810000",Commercial,"22304",Southbank,Melbourne (C),"3006",115
"20394890000",Residential,"22304",Southbank,Melbourne (C),"3006",128
"20394900000",Residential,"22304",Southbank,Melbourne (C),"3006",147
"20394950000",Parkland,"22304",Southbank,Melbourne (C),"3006",0
"20394990000",Residential,"22304",Southbank,Melbourne (C),"3006",107
"20395050000",Commercial,"22304",Southbank,Melbourne (C),"3006",88
"20395080000",Residential,"22304",Southbank,Melbourne (C),"3006",117
"20395192000",Industrial,"20760",Docklands,Melbourne (C),"3008",0
"20395271000",Commercial,"22304",Southbank,Melbourne (C),"3006",0
"20400512000",Residential,"22026",Parkville (Vic.),Melbourne (C),"3052",63
"20400531000",Residential,"22095",Port Melbourne,Melbourne (C),"3207",3
"20400550000",Parkland,"22095",Port Melbourne,Melbourne (C),"3207",0
"20400610000",Parkland,"22743",West Melbourne,Melbourne (C),"3003",0
"20400623000",Commercial,"22743",West Melbourne,Melbourne (C),"3003",17
"20400680000",Residential,"21629",Melbourne,Melbourne (C),"3004",112
"20400721000",Residential,"20492",Carlton (Vic.),Melbourne (C),"3053",0
"20400722000",Residential,"20492",Carlton (Vic.),Melbourne (C),"3053",0
"20400794000",Industrial,"21319",Kensington (Vic.),Melbourne (C),"3031",0
"20400801000",Industrial,"21319",Kensington (Vic.),Melbourne (C),"3031",0
"20400802000",Industrial,"22743",West Melbourne,Melbourne (C),"3003",0
"20400990000",Residential,"20824",East Melbourne,Melbourne (C),"3002",40
"20401000000",Residential,"20824",East Melbourne,Melbourne (C),"3002",81
"20401052000",Commercial,"22743",West Melbourne,Melbourne (C),"3003",14
"20401370000",Residential,"22026",Parkville (Vic.),Melbourne (C),"3052",42
"20401392000",Industrial,"21954",North Melbourne,Melbourne (C),"3051",0
"20401462000",Commercial,"21954",North Melbourne,Melbourne (C),"3051",18
"20401520000",Residential,"21954",North Melbourne,Melbourne (C),"3051",115
"20401710000",Residential,"21954",North Melbourne,Melbourne (C),"3051",45
"20401740000",Residential,"20824",East Melbourne,Melbourne (C),"3002",30
"20401772000",Residential,"20824",East Melbourne,Melbourne (C),"3002",48
"20443870000",Residential,"21319",Kensington (Vic.),Melbourne (C),"3031",40
"20445170000",Residential,"21319",Kensington (Vic.),Melbourne (C),"3031",33
"20451920000",Residential,"21319",Kensington (Vic.),Melbourne (C),"3031",45
"20631937870",Residential,"21319",Kensington (Vic.),Melbourne (C),"3031",40
"20631938090",Residential,"21319",Kensington (Vic.),Melbourne (C),"3031",31
"20631949710",Commercial,"21954",North Melbourne,Melbourne (C),"3051",24
"20631977920",Residential,"22026",Parkville (Vic.),Melbourne (C),"3052",45
"20631977940",Parkland,"22095",Port Melbourne,Melbourne (C),"3207",0
"20631983780",Residential,"22026",Parkville (Vic.),Melbourne (C),"3052",39
"20631996860",Residential,"21319",Kensington (Vic.),Melbourne (C),"3031",36
"20631997490",Commercial,"20760",Docklands,Melbourne (C),"3008",0
"20668170000",Parkland,"22026",Parkville (Vic.),Melbourne (C),"3052",11
"20668200000",Parkland,"22026",Parkville (Vic.),Melbourne (C),"3052",0
"20445000000",Residential,"21319",Kensington (Vic.),Melbourne (C),"3031",73
"20445010000",Residential,"21319",Kensington (Vic.),Melbourne (C),"3031",39
"20445150000",Residential,"21319",Kensington (Vic.),Melbourne (C),"3031",42
"20446190000",Residential,"21954",North Melbourne,Melbourne (C),"3051",31
"20451931000",Residential,"21319",Kensington (Vic.),Melbourne (C),"3031",23
"20631937060",Residential,"21319",Kensington (Vic.),Melbourne (C),"3031",20
"20631956830",Commercial,"20760",Docklands,Melbourne (C),"3008",94
"20631956840",Residential,"20760",Docklands,Melbourne (C),"3008",758
"20631956880",Residential,"21629",Melbourne,Melbourne (C),"3000",163
"20631956960",Commercial,"21954",North Melbourne,Melbourne (C),"3051",68
"20631977930",Residential,"22095",Port Melbourne,Melbourne (C),"3207",0
"20664922000",Commercial,"21629",Melbourne,Melbourne (C),"3000",484
"20668190000",Parkland,"22026",Parkville (Vic.),Melbourne (C),"3052",0
"20668280000",Transport,"22095",Port Melbourne,Melbourne (C),"3207",0
"20668290000",Transport,"22095",Port Melbourne,Melbourne (C),"3207",0
"20395311000",Industrial,"22304",Southbank,Melbourne (C),"3006",0
"20395480000",Residential,"20824",East Melbourne,Melbourne (C),"3002",19
"20395520000",Commercial,"20824",East Melbourne,Melbourne (C),"3002",4
"20395690000",Residential,"22303",South Yarra,Melbourne (C),"3141",30
"20395754000",Commercial,"20492",Carlton (Vic.),Melbourne (C),"3053",0
"20395860000",Education,"20492",Carlton (Vic.),Melbourne (C),"3053",0
"20395972000",Residential,"21954",North Melbourne,Melbourne (C),"3051",56
"20395980000",Residential,"21954",North Melbourne,Melbourne (C),"3051",36
"20396030000",Residential,"21954",North Melbourne,Melbourne (C),"3051",24
"20396050000",Residential,"22026",Parkville (Vic.),Melbourne (C),"3052",21
"20396090000",Residential,"22026",Parkville (Vic.),Melbourne (C),"3052",22
"20396422000",Commercial,"20824",East Melbourne,Melbourne (C),"3002",3
"20396730000",Parkland,"20492",Carlton (Vic.),Melbourne (C),"3053",0
"20396761000",Commercial,"20492",Carlton (Vic.),Melbourne (C),"3053",3
"20396770000",Commercial,"21629",Melbourne,Melbourne (C),"3000",7
"20396810000",Commercial,"20492",Carlton (Vic.),Melbourne (C),"3053",43
"20396900000",Residential,"22026",Parkville (Vic.),Melbourne (C),"3052",25
"20396940000",Residential,"21954",North Melbourne,Melbourne (C),"3051",26
"20397092000",Residential,"21319",Kensington (Vic.),Melbourne (C),"3031",33
"20397112000",Residential,"21319",Kensington (Vic.),Melbourne (C),"3031",130
"20397240000",Parkland,"22743",West Melbourne,Melbourne (C),"3003",0
"20397290000",Parkland,"20824",East Melbourne,Melbourne (C),"3002",0
"20397380000",Residential,"22303",South Yarra,Melbourne (C),"3141",49
"20397440000",Residential,"20824",East Melbourne,Melbourne (C),"3002",28
"20397450000",Residential,"20824",East Melbourne,Melbourne (C),"3002",74
"20397602000",Commercial,"20492",Carlton (Vic.),Melbourne (C),"3053",9
"20397810000",Residential,"21629",Melbourne,Melbourne (C),"3000",62
"20397900000",Residential,"21954",North Melbourne,Melbourne (C),"3051",52
"20631898540",Commercial,"22743",West Melbourne,Melbourne (C),"3003",3
"20631898720",Commercial,"21954",North Melbourne,Melbourne (C),"3051",74
"20631899560",Commercial,"22304",Southbank,Melbourne (C),"3006",0
"20631923850",Commercial,"21629",Melbourne,Melbourne (C),"3000",0
"20631939320",Residential,"21629",Melbourne,Melbourne (C),"3000",393
"20631952980",Residential,"20492",Carlton (Vic.),Melbourne (C),"3053",67
"20631954560",Residential,"22303",South Yarra,Melbourne (C),"3141",53
"20631981110",Residential,"22304",Southbank,Melbourne (C),"3006",353
"20631990350",Industrial,"22743",West Melbourne,Melbourne (C),"3003",0
"20631991370",Commercial,"21954",North Melbourne,Melbourne (C),"3051",7
"20632000150",Commercial,"21629",Melbourne,Melbourne (C),"3000",0
"20398130000",Residential,"20492",Carlton (Vic.),Melbourne (C),"3053",23
"20398201000",Commercial,"21629",Melbourne,Melbourne (C),"3000",7
"20398354000",Residential,"21319",Kensington (Vic.),Melbourne (C),"3031",16
"20398460000",Residential,"22303",South Yarra,Melbourne (C),"3141",28
"20398531000",Residential,"21954",North Melbourne,Melbourne (C),"3051",17
"20398560000",Residential,"21954",North Melbourne,Melbourne (C),"3051",49
"20398662000",Commercial,"22743",West Melbourne,Melbourne (C),"3003",74
"20398680000",Residential,"21954",North Melbourne,Melbourne (C),"3051",29
"20398750000",Residential,"21954",North Melbourne,Melbourne (C),"3051",41
"20398760000",Residential,"22026",Parkville (Vic.),Melbourne (C),"3052",20
"20398770000",Residential,"21954",North Melbourne,Melbourne (C),"3051",34
"20398832000",Commercial,"20492",Carlton (Vic.),Melbourne (C),"3053",11
"20398853000",Commercial,"22743",West Melbourne,Melbourne (C),"3003",0
"20398952000",Commercial,"22095",Port Melbourne,Melbourne (C),"3207",0
"20399210000",Residential,"22303",South Yarra,Melbourne (C),"3141",37
"20399220000",Residential,"20824",East Melbourne,Melbourne (C),"3002",24
"20399270000",Education,"20824",East Melbourne,Melbourne (C),"3002",0
"20399560000",Water,"22095",Port Melbourne,Melbourne (C),"3207",0
"20399580000",Residential,"21319",Kensington (Vic.),Melbourne (C),"3031",27
"20399643000",Commercial,"22743",West Melbourne,Melbourne (C),"3003",0
"20399670000",Residential,"21954",North Melbourne,Melbourne (C),"3051",30
"20399712000",Commercial,"21954",North Melbourne,Melbourne (C),"3051",31
"20399782000",Commercial,"21954",North Melbourne,Melbourne (C),"3051",24
"20399850000",Residential,"21629",Melbourne,Melbourne (C),"3000",143
"20399900000",Commercial,"20492",Carlton (Vic.),Melbourne (C),"3053",52
"20399931000",Commercial,"20492",Carlton (Vic.),Melbourne (C),"3053",48
"20399932000",Commercial,"20492",Carlton (Vic.),Melbourne (C),"3053",0
"20400020000",Residential,"22303",South Yarra,Melbourne (C),"3141",30
"20400080000",Residential,"20824",East Melbourne,Melbourne (C),"3002",95
"20400140000",Residential,"20824",East Melbourne,Melbourne (C),"3002",78
"20400290000",Commercial,"20923",Flemington,Melbourne (C),"3031",40
"20400300000",Parkland,"21319",Kensington (Vic.),Melbourne (C),"3031",0
"20400310000",Residential,"21319",Kensington (Vic.),Melbourne (C),"3031",37
"20400380000",Residential,"22026",Parkville (Vic.),Melbourne (C),"3052",13
"20400430000",Hospital/Medical,"22026",Parkville (Vic.),Melbourne (C),"3052",0
"20446450000",Residential,"21319",Kensington (Vic.),Melbourne (C),"3031",46
"20449000000",Residential,"21319",Kensington (Vic.),Melbourne (C),"3031",33
"20631903050",Residential,"20492",Carlton (Vic.),Melbourne (C),"3053",178
"20631903950",Hospital/Medical,"22026",Parkville (Vic.),Melbourne (C),"3052",0
"20631904240",Residential,"22026",Parkville (Vic.),Melbourne (C),"3052",43
"20631913090",Residential,"20760",Docklands,Melbourne (C),"3008",19
"20631934330",Residential,"21319",Kensington (Vic.),Melbourne (C),"3031",16
"20631936390",Residential,"21319",Kensington (Vic.),Melbourne (C),"3031",24
"20631945420",Residential,"21629",Melbourne,Melbourne (C),"3000",217
"20631979210",Residential,"20760",Docklands,Melbourne (C),"3008",198
"20631932830",Industrial,"22095",Port Melbourne,Melbourne (C),"3207",0
"20395301000",Commercial,"22304",Southbank,Melbourne (C),"3006",3
"20395377000",Commercial,"20760",Docklands,Melbourne (C),"3008",504
"20395530000",Residential,"22303",South Yarra,Melbourne (C),"3141",44
"20395570000",Residential,"20824",East Melbourne,Melbourne (C),"3002",36
"20395780000",Residential,"20492",Carlton (Vic.),Melbourne (C),"3053",42
"20395820000",Residential,"20492",Carlton (Vic.),Melbourne (C),"3053",24
"20395840000",Residential,"20492",Carlton (Vic.),Melbourne (C),"3053",21
"20395910000",Residential,"20492",Carlton (Vic.),Melbourne (C),"3053",83
"20395952000",Commercial,"21954",North Melbourne,Melbourne (C),"3051",245
"20395960000",Residential,"22026",Parkville (Vic.),Melbourne (C),"3052",21
"20396000000",Residential,"21954",North Melbourne,Melbourne (C),"3051",43
"20396100000",Residential,"21319",Kensington (Vic.),Melbourne (C),"3031",23
"20396160000",Residential,"21954",North Melbourne,Melbourne (C),"3051",40
"20396460000",Residential,"22303",South Yarra,Melbourne (C),"3141",42
"20396520000",Residential,"22303",South Yarra,Melbourne (C),"3141",24
"20396560000",Residential,"22303",South Yarra,Melbourne (C),"3141",40
"20396660000",Residential,"20492",Carlton (Vic.),Melbourne (C),"3053",47
"20396670000",Residential,"20492",Carlton (Vic.),Melbourne (C),"3053",39
"20397000000",Residential,"22026",Parkville (Vic.),Melbourne (C),"3052",36
"20397010000",Residential,"21954",North Melbourne,Melbourne (C),"3051",11
"20397070000",Residential,"21954",North Melbourne,Melbourne (C),"3051",27
"20397091000",Residential,"21319",Kensington (Vic.),Melbourne (C),"3031",27
"20397142000",Residential,"21319",Kensington (Vic.),Melbourne (C),"3031",17
"20397170000",Residential,"20492",Carlton (Vic.),Melbourne (C),"3053",416
"20397220000",Commercial,"21954",North Melbourne,Melbourne (C),"3051",33
"20397230000",Commercial,"21954",North Melbourne,Melbourne (C),"3051",66
"20397460000",Residential,"20492",Carlton (Vic.),Melbourne (C),"3053",150
"20397470000",Residential,"20492",Carlton (Vic.),Melbourne (C),"3053",40
"20397550000",Residential,"20492",Carlton (Vic.),Melbourne (C),"3053",17
"20397580000",Residential,"20492",Carlton (Vic.),Melbourne (C),"3053",23
"20397592000",Commercial,"20492",Carlton (Vic.),Melbourne (C),"3053",12
"20397610000",Residential,"21629",Melbourne,Melbourne (C),"3000",113
"20397670000",Residential,"21954",North Melbourne,Melbourne (C),"3051",66
"20397700000",Residential,"22026",Parkville (Vic.),Melbourne (C),"3052",20
"20397740000",Residential,"21954",North Melbourne,Melbourne (C),"3051",54
"20397940000",Commercial,"22743",West Melbourne,Melbourne (C),"3003",121
"20449280000",Residential,"21954",North Melbourne,Melbourne (C),"3051",16
"20449321000",Industrial,"21319",Kensington (Vic.),Melbourne (C),"3031",9
"20450852000",Residential,"21319",Kensington (Vic.),Melbourne (C),"3031",25
"20631898710",Residential,"21954",North Melbourne,Melbourne (C),"3051",35
"20631925590",Commercial,"20492",Carlton (Vic.),Melbourne (C),"3053",33
"20631939590",Residential,"21319",Kensington (Vic.),Melbourne (C),"3031",176
"20631939600",Residential,"21319",Kensington (Vic.),Melbourne (C),"3031",33
"20632000580",Education,"21954",North Melbourne,Melbourne (C),"3051",0
"20664250000",Commercial,"21629",Melbourne,Melbourne (C),"3000",6
"20664270000",Commercial,"21629",Melbourne,Melbourne (C),"3000",167
"20664282000",Commercial,"21629",Melbourne,Melbourne (C),"3000",20
"20664290000",Commercial,"21629",Melbourne,Melbourne (C),"3000",13
"20664410000",Commercial,"21629",Melbourne,Melbourne (C),"3000",3
"20664450000",Residential,"21629",Melbourne,Melbourne (C),"3000",114
"20664490000",Commercial,"21629",Melbourne,Melbourne (C),"3000",3
"20664500000",Commercial,"21629",Melbourne,Melbourne (C),"3000",0
"20664560000",Commercial,"21629",Melbourne,Melbourne (C),"3000",434
"20664700000",Commercial,"21629",Melbourne,Melbourne (C),"3000",0
"20664910000",Commercial,"21629",Melbourne,Melbourne (C),"3000",11
"20668460000",Parkland,"21954",North Melbourne,Melbourne (C),"3051",0
"20398150000",Residential,"20492",Carlton (Vic.),Melbourne (C),"3053",35
"20398182000",Residential,"20492",Carlton (Vic.),Melbourne (C),"3053",25
"20398250000",Residential,"22026",Parkville (Vic.),Melbourne (C),"3052",70
"20398270000",Residential,"21954",North Melbourne,Melbourne (C),"3051",35
"20398313000",Residential,"21319",Kensington (Vic.),Melbourne (C),"3031",16
"20398315000",Residential,"21319",Kensington (Vic.),Melbourne (C),"3031",18
"20398380000",Commercial,"21629",Melbourne,Melbourne (C),"3000",38
"20398400000",Commercial,"22743",West Melbourne,Melbourne (C),"3003",33
"20398580000",Parkland,"21954",North Melbourne,Melbourne (C),"3051",0
"20398651000",Commercial,"21629",Melbourne,Melbourne (C),"3000",13
"20398672000",Commercial,"21954",North Melbourne,Melbourne (C),"3051",0
"20398673000",Commercial,"21954",North Melbourne,Melbourne (C),"3051",31
"20398690000",Commercial,"22743",West Melbourne,Melbourne (C),"3003",64
"20398920000",Residential,"21319",Kensington (Vic.),Melbourne (C),"3031",32
"20398953000",Commercial,"22095",Port Melbourne,Melbourne (C),"3207",0
"20398954000",Commercial,"22095",Port Melbourne,Melbourne (C),"3207",0
"20398981000",Residential,"21629",Melbourne,Melbourne (C),"3000",217
"20399130000",Residential,"22303",South Yarra,Melbourne (C),"3141",53
"20399180000",Residential,"22303",South Yarra,Melbourne (C),"3141",23
"20399280000",Residential,"20824",East Melbourne,Melbourne (C),"3002",21
"20399420000",Residential,"20492",Carlton (Vic.),Melbourne (C),"3053",18
"20399490000",Parkland,"21954",North Melbourne,Melbourne (C),"3051",0
"20399520000",Residential,"21319",Kensington (Vic.),Melbourne (C),"3031",36
"20399732000",Commercial,"21954",North Melbourne,Melbourne (C),"3051",3
"20399781000",Commercial,"21954",North Melbourne,Melbourne (C),"3051",18
"20399880000",Residential,"22026",Parkville (Vic.),Melbourne (C),"3052",62
"20399891000",Commercial,"21629",Melbourne,Melbourne (C),"3000",263
"20399971000",Commercial,"20492",Carlton (Vic.),Melbourne (C),"3053",5
"20400060000",Residential,"22303",South Yarra,Melbourne (C),"3141",30
"20400070000",Residential,"22303",South Yarra,Melbourne (C),"3141",35
"20400130000",Residential,"22303",South Yarra,Melbourne (C),"3141",23
"20400200000",Residential,"22303",South Yarra,Melbourne (C),"3141",32
"20400281000",Education,"22026",Parkville (Vic.),Melbourne (C),"3010",22
"20400360000",Hospital/Medical,"22026",Parkville (Vic.),Melbourne (C),"3052",4
"20400370000",Residential,"22026",Parkville (Vic.),Melbourne (C),"3052",31
"20631902980",Commercial,"21629",Melbourne,Melbourne (C),"3000",19
"20631904190",Hospital/Medical,"22026",Parkville (Vic.),Melbourne (C),"3052",21
"20631904200",Residential,"22026",Parkville (Vic.),Melbourne (C),"3052",59
"20631935000",Residential,"21629",Melbourne,Melbourne (C),"3000",246
"20631936140",Commercial,"22304",Southbank,Melbourne (C),"3006",12
"20631944740",Residential,"22095",Port Melbourne,Melbourne (C),"3207",0
"20631987740",Residential,"20492",Carlton (Vic.),Melbourne (C),"3053",33
"20631987820",Residential,"22026",Parkville (Vic.),Melbourne (C),"3052",48
"20631988490",Commercial,"22304",Southbank,Melbourne (C),"3006",0
"20675150000",Parkland,"22026",Parkville (Vic.),Melbourne (C),"3052",0
"20675170000",Parkland,"22026",Parkville (Vic.),Melbourne (C),"3052",0
"20675200000",Water,"22095",Port Melbourne,Melbourne (C),"3207",0
"20393160000",Commercial,"21629",Melbourne,Melbourne (C),"3000",22
"20393212000",Commercial,"21629",Melbourne,Melbourne (C),"3000",0
"20393470000",Commercial,"21629",Melbourne,Melbourne (C),"3000",0
"20393500000",Commercial,"21629",Melbourne,Melbourne (C),"3000",0
"20393530000",Commercial,"21629",Melbourne,Melbourne (C),"3000",0
"20393540000",Commercial,"21629",Melbourne,Melbourne (C),"3000",0
"20393582000",Commercial,"21629",Melbourne,Melbourne (C),"3000",10
"20393590000",Residential,"21629",Melbourne,Melbourne (C),"3000",240
"20393630000",Commercial,"21629",Melbourne,Melbourne (C),"3000",36
"20393843000",Commercial,"21629",Melbourne,Melbourne (C),"3000",0
"20393850000",Commercial,"21629",Melbourne,Melbourne (C),"3000",32
"20393861000",Commercial,"21629",Melbourne,Melbourne (C),"3000",134
"20393880000",Residential,"21629",Melbourne,Melbourne (C),"3000",150
"20394000000",Commercial,"21629",Melbourne,Melbourne (C),"3000",14
"20394123000",Commercial,"21629",Melbourne,Melbourne (C),"3000",6
"20394520000",Commercial,"21629",Melbourne,Melbourne (C),"3000",3
"20394580000",Commercial,"21629",Melbourne,Melbourne (C),"3000",45
"20394732000",Commercial,"21629",Melbourne,Melbourne (C),"3000",3
"20394783000",Commercial,"22304",Southbank,Melbourne (C),"3006",0
"20394823000",Commercial,"20760",Docklands,Melbourne (C),"3005",0
"20395000000",Residential,"22304",Southbank,Melbourne (C),"3006",113
"20395250000",Commercial,"22304",Southbank,Melbourne (C),"3006",8
"20400560000",Transport,"22095",Port Melbourne,Melbourne (C),"3207",0
"20400574000",Industrial,"22095",Port Melbourne,Melbourne (C),"3207",0
"20400600000",Commercial,"22743",West Melbourne,Melbourne (C),"3003",3
"20400701000",Residential,"21629",Melbourne,Melbourne (C),"3004",316
"20400710000",Hospital/Medical,"20824",East Melbourne,Melbourne (C),"3002",0
"20400791000",Industrial,"21319",Kensington (Vic.),Melbourne (C),"3031",3
"20400972000",Commercial,"21629",Melbourne,Melbourne (C),"3000",25
"20401150000",Residential,"21954",North Melbourne,Melbourne (C),"3051",27
"20401270000",Residential,"21954",North Melbourne,Melbourne (C),"3051",26
"20401330000",Education,"21629",Melbourne,Melbourne (C),"3000",0
"20401380000",Residential,"22026",Parkville (Vic.),Melbourne (C),"3052",43
"20401422000",Commercial,"21629",Melbourne,Melbourne (C),"3000",63
"20401441000",Commercial,"20492",Carlton (Vic.),Melbourne (C),"3053",18
"20401532000",Commercial,"21954",North Melbourne,Melbourne (C),"3051",47
"20401562000",Commercial,"20492",Carlton (Vic.),Melbourne (C),"3053",0
"20401580000",Commercial,"22743",West Melbourne,Melbourne (C),"3003",134
"20401600000",Residential,"20492",Carlton (Vic.),Melbourne (C),"3053",43
"20401771000",Commercial,"20824",East Melbourne,Melbourne (C),"3002",0
"20401781000",Commercial,"20824",East Melbourne,Melbourne (C),"3002",0
"20401911000",Commercial,"22743",West Melbourne,Melbourne (C),"3003",96
"20401912000",Commercial,"22743",West Melbourne,Melbourne (C),"3003",0
"20443880000",Residential,"21319",Kensington (Vic.),Melbourne (C),"3031",37
"20444940000",Residential,"21954",North Melbourne,Melbourne (C),"3051",35
"20446200000",Parkland,"21954",North Melbourne,Melbourne (C),"3051",0
"20451821000",Industrial,"21319",Kensington (Vic.),Melbourne (C),"3031",0
"20451829000",Industrial,"21319",Kensington (Vic.),Melbourne (C),"3031",0
"20631913310",Commercial,"22304",Southbank,Melbourne (C),"3006",0
"20631914540",Commercial,"20760",Docklands,Melbourne (C),"3008",0
"20631937640",Commercial,"20760",Docklands,Melbourne (C),"3008",0
"20631938100",Residential,"21319",Kensington (Vic.),Melbourne (C),"3031",46
"20631957110",Residential,"20492",Carlton (Vic.),Melbourne (C),"3053",44
"20668150000",Parkland,"21629",Melbourne,Melbourne (C),"3004",0
"20668180000",Parkland,"22026",Parkville (Vic.),Melbourne (C),"3052",0
"20631945310",Commercial,"21629",Melbourne,Melbourne (C),"3000",9
"20631945320",Residential,"21629",Melbourne,Melbourne (C),"3000",310
"20631979060",Residential,"22304",Southbank,Melbourne (C),"3006",336
"20631980370",Commercial,"20760",Docklands,Melbourne (C),"3008",0
"20631980610",Residential,"20760",Docklands,Melbourne (C),"3008",35
"20631944130",Commercial,"21629",Melbourne,Melbourne (C),"3000",5
"20632006620",Residential,"22304",Southbank,Melbourne (C),"3006",5
"20664190000",Commercial,"21629",Melbourne,Melbourne (C),"3000",16
"20664230000",Commercial,"21629",Melbourne,Melbourne (C),"3000",0
"20664281000",Commercial,"21629",Melbourne,Melbourne (C),"3000",42
"20664300000",Commercial,"21629",Melbourne,Melbourne (C),"3000",6
"20664360000",Commercial,"21629",Melbourne,Melbourne (C),"3000",35
"20664580000",Commercial,"21629",Melbourne,Melbourne (C),"3000",3
"20664820000",Commercial,"21629",Melbourne,Melbourne (C),"3000",0
"20664901000",Commercial,"21629",Melbourne,Melbourne (C),"3000",1923
"20395341000",Residential,"22304",Southbank,Melbourne (C),"3006",280
"20395366000",Residential,"22304",Southbank,Melbourne (C),"3006",277
"20395367000",Residential,"22304",Southbank,Melbourne (C),"3006",163
"20395430000",Residential,"22304",Southbank,Melbourne (C),"3006",87
"20395440000",Water,"20760",Docklands,Melbourne (C),"3008",0
"20395470000",Residential,"20824",East Melbourne,Melbourne (C),"3002",42
"20395540000",Residential,"22303",South Yarra,Melbourne (C),"3141",28
"20395550000",Residential,"22303",South Yarra,Melbourne (C),"3141",40
"20395610000",Residential,"22303",South Yarra,Melbourne (C),"3141",55
"20395740000",Residential,"22303",South Yarra,Melbourne (C),"3141",59
"20395751000",Commercial,"20492",Carlton (Vic.),Melbourne (C),"3053",10
"20395801000",Commercial,"20492",Carlton (Vic.),Melbourne (C),"3053",0
"20395803000",Commercial,"20492",Carlton (Vic.),Melbourne (C),"3053",25
"20395971000",Residential,"21954",North Melbourne,Melbourne (C),"3051",86
"20396210000",Residential,"21319",Kensington (Vic.),Melbourne (C),"3031",40
"20396430000",Residential,"20824",East Melbourne,Melbourne (C),"3002",51
"20396610000",Residential,"20824",East Melbourne,Melbourne (C),"3002",36
"20396630000",Residential,"20492",Carlton (Vic.),Melbourne (C),"3053",25
"20396690000",Commercial,"20492",Carlton (Vic.),Melbourne (C),"3053",19
"20396750000",Commercial,"20492",Carlton (Vic.),Melbourne (C),"3053",52
"20396780000",Residential,"20492",Carlton (Vic.),Melbourne (C),"3053",64
"20396950000",Residential,"21954",North Melbourne,Melbourne (C),"3051",40
"20396960000",Residential,"21954",North Melbourne,Melbourne (C),"3051",47
"20397030000",Parkland,"21954",North Melbourne,Melbourne (C),"3051",4
"20397050000",Residential,"21954",North Melbourne,Melbourne (C),"3051",35
"20397113000",Residential,"21319",Kensington (Vic.),Melbourne (C),"3031",73
"20397180000",Residential,"20492",Carlton (Vic.),Melbourne (C),"3053",141
"20397300000",Residential,"22303",South Yarra,Melbourne (C),"3141",33
"20397510000",Commercial,"20492",Carlton (Vic.),Melbourne (C),"3053",22
"20397520000",Residential,"20492",Carlton (Vic.),Melbourne (C),"3053",13
"20397540000",Residential,"20492",Carlton (Vic.),Melbourne (C),"3053",32
"20397660000",Residential,"21954",North Melbourne,Melbourne (C),"3051",37
"20397842000",Commercial,"21954",North Melbourne,Melbourne (C),"3051",0
"20397860000",Residential,"22743",West Melbourne,Melbourne (C),"3003",30
"20449300000",Residential,"21954",North Melbourne,Melbourne (C),"3051",200
"20449360000",Residential,"21319",Kensington (Vic.),Melbourne (C),"3031",32
"20393030000",Commercial,"21629",Melbourne,Melbourne (C),"3000",29
"20631929190",Residential,"22026",Parkville (Vic.),Melbourne (C),"3052",33
"20631916040",Residential,"21954",North Melbourne,Melbourne (C),"3051",21
"20631925530",Commercial,"21954",North Melbourne,Melbourne (C),"3051",37
"20631931940",Commercial,"21954",North Melbourne,Melbourne (C),"3051",58
"20631933010",Transport,"22304",Southbank,Melbourne (C),"3006",0
"20631939380",Residential,"22303",South Yarra,Melbourne (C),"3141",48
"20631940110",Residential,"21319",Kensington (Vic.),Melbourne (C),"3031",25
"20631953280",Commercial,"21954",North Melbourne,Melbourne (C),"3051",40
"20631974270",Residential,"22303",South Yarra,Melbourne (C),"3141",43
"20631975620",Residential,"22026",Parkville (Vic.),Melbourne (C),"3052",44
"20631975640",Residential,"21629",Melbourne,Melbourne (C),"3004",120
"20631981090",Commercial,"22304",Southbank,Melbourne (C),"3006",0
"20631981100",Commercial,"22304",Southbank,Melbourne (C),"3006",0
"20631981370",Residential,"20492",Carlton (Vic.),Melbourne (C),"3053",193
"20631983400",Commercial,"22304",Southbank,Melbourne (C),"3006",428
"20664240000",Commercial,"21629",Melbourne,Melbourne (C),"3000",0
"20664400000",Commercial,"21629",Melbourne,Melbourne (C),"3000",274
"20664430000",Commercial,"21629",Melbourne,Melbourne (C),"3000",0
"20664542000",Commercial,"21629",Melbourne,Melbourne (C),"3000",0
"20664770000",Commercial,"21629",Melbourne,Melbourne (C),"3000",0
"20664810000",Commercial,"21629",Melbourne,Melbourne (C),"3000",0
"20668520000",Transport,"21319",Kensington (Vic.),Melbourne (C),"3031",0
"20668600000",Parkland,"22026",Parkville (Vic.),Melbourne (C),"3052",0
"20397980000",Residential,"20824",East Melbourne,Melbourne (C),"3002",17
"20398020000",Residential,"20824",East Melbourne,Melbourne (C),"3002",31
"20398090000",Residential,"20492",Carlton (Vic.),Melbourne (C),"3053",32
"20398140000",Residential,"20492",Carlton (Vic.),Melbourne (C),"3053",27
"20398440000",Residential,"22303",South Yarra,Melbourne (C),"3141",37
"20398640000",Commercial,"20492",Carlton (Vic.),Melbourne (C),"3053",35
"20398870000",Residential,"22743",West Melbourne,Melbourne (C),"3003",25
"20398932000",Commercial,"22743",West Melbourne,Melbourne (C),"3003",24
"20398961000",Commercial,"22743",West Melbourne,Melbourne (C),"3003",83
"20399031000",Residential,"21629",Melbourne,Melbourne (C),"3004",63
"20399110000",Residential,"22303",South Yarra,Melbourne (C),"3141",44
"20399322000",Residential,"20824",East Melbourne,Melbourne (C),"3002",21
"20399370000",Residential,"20492",Carlton (Vic.),Melbourne (C),"3053",33
"20399480000",Residential,"21954",North Melbourne,Melbourne (C),"3051",31
"20399750000",Parkland,"22743",West Melbourne,Melbourne (C),"3003",0
"20399802000",Commercial,"21954",North Melbourne,Melbourne (C),"3051",37
"20399810000",Residential,"22026",Parkville (Vic.),Melbourne (C),"3052",35
"20399920000",Residential,"20492",Carlton (Vic.),Melbourne (C),"3053",44
"20399941000",Commercial,"20492",Carlton (Vic.),Melbourne (C),"3053",3
"20399951000",Residential,"20492",Carlton (Vic.),Melbourne (C),"3053",75
"20400090000",Residential,"22303",South Yarra,Melbourne (C),"3141",38
"20400270000",Residential,"20492",Carlton (Vic.),Melbourne (C),"3053",97
"20400490000",Residential,"22026",Parkville (Vic.),Melbourne (C),"3052",53
"20631928630",Residential,"20492",Carlton (Vic.),Melbourne (C),"3053",38
"20631945440",Residential,"22304",Southbank,Melbourne (C),"3006",550
"20631986910",Residential,"21954",North Melbourne,Melbourne (C),"3051",38
"20631995350",Residential,"21629",Melbourne,Melbourne (C),"3004",127
"20631995410",Commercial,"20760",Docklands,Melbourne (C),"3008",105
"20393202000",Commercial,"21629",Melbourne,Melbourne (C),"3000",0
"20393211000",Commercial,"21629",Melbourne,Melbourne (C),"3000",0
"20393520000",Commercial,"21629",Melbourne,Melbourne (C),"3000",65
"20393700000",Residential,"21629",Melbourne,Melbourne (C),"3000",231
"20393725000",Residential,"21629",Melbourne,Melbourne (C),"3000",173
"20393760000",Commercial,"21629",Melbourne,Melbourne (C),"3000",169
"20393780000",Commercial,"21629",Melbourne,Melbourne (C),"3000",61
"20393841000",Commercial,"21629",Melbourne,Melbourne (C),"3000",0
"20393870000",Education,"21629",Melbourne,Melbourne (C),"3000",0
"20393931000",Commercial,"21629",Melbourne,Melbourne (C),"3000",9
"20394040000",Residential,"21629",Melbourne,Melbourne (C),"3000",82
"20394122000",Commercial,"21629",Melbourne,Melbourne (C),"3000",0
"20394130000",Commercial,"21629",Melbourne,Melbourne (C),"3000",0
"20394280000",Commercial,"21629",Melbourne,Melbourne (C),"3000",79
"20394540000",Commercial,"21629",Melbourne,Melbourne (C),"3000",5
"20394620000",Commercial,"21629",Melbourne,Melbourne (C),"3000",0
"20394870000",Residential,"22304",Southbank,Melbourne (C),"3006",193
"20395112000",Industrial,"22304",Southbank,Melbourne (C),"3006",236
"20395150000",Transport,"22304",Southbank,Melbourne (C),"3006",0
"20395171000",Commercial,"20760",Docklands,Melbourne (C),"3008",0
"20395174000",Commercial,"20760",Docklands,Melbourne (C),"3008",0
"20395210000",Residential,"20760",Docklands,Melbourne (C),"3008",293
"20400511000",Residential,"22026",Parkville (Vic.),Melbourne (C),"3052",21
"20400572000",Industrial,"22095",Port Melbourne,Melbourne (C),"3207",0
"20400582000",Commercial,"22095",Port Melbourne,Melbourne (C),"3207",0
"20400621000",Commercial,"22743",West Melbourne,Melbourne (C),"3003",0
"20400630000",Parkland,"20492",Carlton (Vic.),Melbourne (C),"3053",3
"20400640000",Residential,"21629",Melbourne,Melbourne (C),"3004",59
"20400723000",Residential,"20492",Carlton (Vic.),Melbourne (C),"3053",11
"20400793000",Industrial,"21319",Kensington (Vic.),Melbourne (C),"3031",8
"20400803000",Industrial,"22743",West Melbourne,Melbourne (C),"3003",0
"20400804000",Industrial,"22743",West Melbourne,Melbourne (C),"3003",0
"20400840000",Residential,"21954",North Melbourne,Melbourne (C),"3051",46
"20400890000",Hospital/Medical,"22026",Parkville (Vic.),Melbourne (C),"3050",8
"20400980000",Commercial,"21629",Melbourne,Melbourne (C),"3000",3
"20401090000",Residential,"21954",North Melbourne,Melbourne (C),"3051",41
"20401200000",Residential,"20492",Carlton (Vic.),Melbourne (C),"3053",44
"20401243000",Industrial,"21954",North Melbourne,Melbourne (C),"3051",0
"20401290000",Education,"21954",North Melbourne,Melbourne (C),"3051",10
"20401391000",Industrial,"21954",North Melbourne,Melbourne (C),"3051",0
"20401423000",Commercial,"21629",Melbourne,Melbourne (C),"3000",1070
"20401450000",Residential,"21954",North Melbourne,Melbourne (C),"3051",31
"20401500000",Residential,"21954",North Melbourne,Melbourne (C),"3051",104
"20401553000",Commercial,"21629",Melbourne,Melbourne (C),"3000",3
"20401640000",Residential,"20492",Carlton (Vic.),Melbourne (C),"3053",33
"20401760000",Residential,"20824",East Melbourne,Melbourne (C),"3002",39
"20401812000",Commercial,"21629",Melbourne,Melbourne (C),"3000",0
"20401921000",Commercial,"22743",West Melbourne,Melbourne (C),"3003",3
"20451823000",Industrial,"21319",Kensington (Vic.),Melbourne (C),"3031",0
"20451827000",Industrial,"21319",Kensington (Vic.),Melbourne (C),"3031",0
"20451828000",Industrial,"21319",Kensington (Vic.),Melbourne (C),"3031",3
"20451850000",Residential,"21319",Kensington (Vic.),Melbourne (C),"3031",44
"20451860000",Residential,"21319",Kensington (Vic.),Melbourne (C),"3031",52
"20631900250",Commercial,"22743",West Melbourne,Melbourne (C),"3003",123
"20631900870",Residential,"21954",North Melbourne,Melbourne (C),"3051",81
"20631900880",Residential,"21954",North Melbourne,Melbourne (C),"3051",71
"20631936910",Hospital/Medical,"20824",East Melbourne,Melbourne (C),"3002",0
"20631937900",Residential,"22303",South Yarra,Melbourne (C),"3141",58
"20631938300",Residential,"20824",East Melbourne,Melbourne (C),"3002",27
"20631938860",Residential,"22304",Southbank,Melbourne (C),"3006",158
"20631956890",Residential,"20492",Carlton (Vic.),Melbourne (C),"3053",95
"20631957080",Residential,"20492",Carlton (Vic.),Melbourne (C),"3053",92
"20631983830",Hospital/Medical,"22026",Parkville (Vic.),Melbourne (C),"3052",28
"20668140000",Parkland,"21629",Melbourne,Melbourne (C),"3004",5
"20668240000",Commercial,"22026",Parkville (Vic.),Melbourne (C),"3052",0
"20668300000",Transport,"22095",Port Melbourne,Melbourne (C),"3207",0
"20668370000",Transport,"22026",Parkville (Vic.),Melbourne (C),"3052",0
"20397961000",Residential,"21954",North Melbourne,Melbourne (C),"3051",55
"20398000000",Residential,"22303",South Yarra,Melbourne (C),"3141",39
"20398010000",Residential,"20824",East Melbourne,Melbourne (C),"3002",41
"20398060000",Parkland,"20824",East Melbourne,Melbourne (C),"3002",0
"20398070000",Residential,"22303",South Yarra,Melbourne (C),"3141",32
"20398202000",Commercial,"21629",Melbourne,Melbourne (C),"3000",0
"20398230000",Residential,"22026",Parkville (Vic.),Melbourne (C),"3052",26
"20398260000",Residential,"22026",Parkville (Vic.),Melbourne (C),"3052",40
"20398290000",Residential,"21319",Kensington (Vic.),Melbourne (C),"3031",26
"20398352000",Residential,"21319",Kensington (Vic.),Melbourne (C),"3031",46
"20398353000",Residential,"21319",Kensington (Vic.),Melbourne (C),"3031",20
"20398390000",Commercial,"21629",Melbourne,Melbourne (C),"3000",3
"20398500000",Residential,"20492",Carlton (Vic.),Melbourne (C),"3053",40
"20398550000",Parkland,"22026",Parkville (Vic.),Melbourne (C),"3052",0
"20398880000",Commercial,"22743",West Melbourne,Melbourne (C),"3003",84
"20398931000",Residential,"22743",West Melbourne,Melbourne (C),"3003",46
"20398962000",Residential,"22743",West Melbourne,Melbourne (C),"3003",0
"20399000000",Commercial,"21629",Melbourne,Melbourne (C),"3000",48
"20399120000",Education,"22303",South Yarra,Melbourne (C),"3141",0
"20399150000",Residential,"22303",South Yarra,Melbourne (C),"3141",28
"20399170000",Residential,"22303",South Yarra,Melbourne (C),"3141",32
"20399190000",Residential,"22303",South Yarra,Melbourne (C),"3141",32
"20399200000",Residential,"22303",South Yarra,Melbourne (C),"3141",38
"20399321000",Commercial,"20824",East Melbourne,Melbourne (C),"3002",16
"20399340000",Residential,"20824",East Melbourne,Melbourne (C),"3002",144
"20399540000",Residential,"21319",Kensington (Vic.),Melbourne (C),"3031",84
"20399610000",Residential,"21319",Kensington (Vic.),Melbourne (C),"3031",44
"20399641000",Commercial,"22743",West Melbourne,Melbourne (C),"3003",4
"20399650000",Commercial,"22743",West Melbourne,Melbourne (C),"3003",130
"20399820000",Parkland,"20492",Carlton (Vic.),Melbourne (C),"3053",0
"20400010000",Residential,"22303",South Yarra,Melbourne (C),"3141",31
"20400100000",Residential,"22303",South Yarra,Melbourne (C),"3141",35
"20400110000",Education,"22303",South Yarra,Melbourne (C),"3141",4
"20400180000",Residential,"20824",East Melbourne,Melbourne (C),"3002",43
"20400253000",Residential,"21319",Kensington (Vic.),Melbourne (C),"3031",49
"20400320000",Residential,"21319",Kensington (Vic.),Melbourne (C),"3031",25
"20400340000",Residential,"21319",Kensington (Vic.),Melbourne (C),"3031",37
"20400410000",Transport,"22026",Parkville (Vic.),Melbourne (C),"3052",0
"20400423000",Parkland,"22026",Parkville (Vic.),Melbourne (C),"3052",0
"20447480000",Residential,"21319",Kensington (Vic.),Melbourne (C),"3031",36
"20631903960",Hospital/Medical,"22026",Parkville (Vic.),Melbourne (C),"3052",0
"20631910840",Commercial,"20492",Carlton (Vic.),Melbourne (C),"3053",21
"20631918660",Commercial,"20760",Docklands,Melbourne (C),"3008",0
"20631928270",Commercial,"21954",North Melbourne,Melbourne (C),"3051",20
"20631934390",Residential,"22026",Parkville (Vic.),Melbourne (C),"3052",56
"20631935830",Transport,"22304",Southbank,Melbourne (C),"3006",0
"20631935930",Residential,"21954",North Melbourne,Melbourne (C),"3051",12
"20631944750",Residential,"22026",Parkville (Vic.),Melbourne (C),"3052",41
"20631980600",Parkland,"20760",Docklands,Melbourne (C),"3008",0
"20675260000",Transport,"22026",Parkville (Vic.),Melbourne (C),"3052",0
"20393410000",Commercial,"21629",Melbourne,Melbourne (C),"3000",20
"20393690000",Commercial,"21629",Melbourne,Melbourne (C),"3000",3
"20393722000",Parkland,"21629",Melbourne,Melbourne (C),"3000",15
"20393723000",Parkland,"21629",Melbourne,Melbourne (C),"3000",109
"20393830000",Residential,"21629",Melbourne,Melbourne (C),"3000",93
"20393842000",Commercial,"21629",Melbourne,Melbourne (C),"3000",0
"20393862000",Residential,"21629",Melbourne,Melbourne (C),"3000",465
"20393971000",Commercial,"21629",Melbourne,Melbourne (C),"3000",147
"20393990000",Commercial,"21629",Melbourne,Melbourne (C),"3000",25
"20394020000",Commercial,"21629",Melbourne,Melbourne (C),"3000",29
"20394240000",Commercial,"21629",Melbourne,Melbourne (C),"3000",0
"20394410000",Commercial,"21629",Melbourne,Melbourne (C),"3000",0
"20394460000",Commercial,"21629",Melbourne,Melbourne (C),"3000",0
"20394470000",Commercial,"21629",Melbourne,Melbourne (C),"3000",0
"20394510000",Commercial,"21629",Melbourne,Melbourne (C),"3000",108
"20394784000",Transport,"22304",Southbank,Melbourne (C),"3006",0
"20394961000",Residential,"22304",Southbank,Melbourne (C),"3006",0
"20395020000",Residential,"22304",Southbank,Melbourne (C),"3006",109
"20395040000",Residential,"22304",Southbank,Melbourne (C),"3006",157
"20395070000",Commercial,"22304",Southbank,Melbourne (C),"3006",52
"20395220000",Residential,"20760",Docklands,Melbourne (C),"3008",6
"20395240000",Residential,"22304",Southbank,Melbourne (C),"3006",244
"20395260000",Commercial,"22304",Southbank,Melbourne (C),"3006",125
"20400540000",Water,"22743",West Melbourne,Melbourne (C),"3003",0
"20400592000",Commercial,"22743",West Melbourne,Melbourne (C),"3003",0
"20400760000",Hospital/Medical,"22026",Parkville (Vic.),Melbourne (C),"3052",6
"20400772000",Industrial,"21319",Kensington (Vic.),Melbourne (C),"3031",0
"20400870000",Residential,"22303",South Yarra,Melbourne (C),"3141",27
"20401070000",Residential,"21954",North Melbourne,Melbourne (C),"3051",23
"20401110000",Residential,"22303",South Yarra,Melbourne (C),"3141",48
"20401131000",Commercial,"21954",North Melbourne,Melbourne (C),"3051",27
"20401172000",Commercial,"22743",West Melbourne,Melbourne (C),"3003",70
"20401230000",Commercial,"21954",North Melbourne,Melbourne (C),"3051",77
"20401242000",Industrial,"21954",North Melbourne,Melbourne (C),"3051",0
"20401244000",Industrial,"21954",North Melbourne,Melbourne (C),"3051",0
"20401430000",Residential,"20492",Carlton (Vic.),Melbourne (C),"3053",143
"20401511000",Commercial,"21954",North Melbourne,Melbourne (C),"3051",0
"20401531000",Residential,"21954",North Melbourne,Melbourne (C),"3051",499
"20401630000",Residential,"20492",Carlton (Vic.),Melbourne (C),"3053",38
"20401670000",Residential,"21954",North Melbourne,Melbourne (C),"3051",57
"20401680000",Residential,"21954",North Melbourne,Melbourne (C),"3051",25
"20401720000",Residential,"21954",North Melbourne,Melbourne (C),"3051",44
"20401730000",Commercial,"20824",East Melbourne,Melbourne (C),"3002",9
"20401784000",Commercial,"20824",East Melbourne,Melbourne (C),"3002",3
"20401821000",Commercial,"20492",Carlton (Vic.),Melbourne (C),"3053",0
"20401823000",Commercial,"20492",Carlton (Vic.),Melbourne (C),"3053",0
"20401940000",Commercial,"20492",Carlton (Vic.),Melbourne (C),"3053",281
"20443910000",Residential,"21319",Kensington (Vic.),Melbourne (C),"3031",24
"20446240000",Residential,"21319",Kensington (Vic.),Melbourne (C),"3031",49
"20446410000",Residential,"21319",Kensington (Vic.),Melbourne (C),"3031",25
"20451830000",Residential,"21319",Kensington (Vic.),Melbourne (C),"3031",31
"20631900830",Residential,"21629",Melbourne,Melbourne (C),"3000",288
"20631929910",Residential,"21954",North Melbourne,Melbourne (C),"3051",36
"20631931350",Residential,"22304",Southbank,Melbourne (C),"3006",149
"20631936670",Residential,"22303",South Yarra,Melbourne (C),"3141",48
"20631937180",Residential,"21319",Kensington (Vic.),Melbourne (C),"3031",39
"20631943830",Residential,"22304",Southbank,Melbourne (C),"3006",143
"20632005130",Residential,"20760",Docklands,Melbourne (C),"3008",190
"20632005150",Residential,"22304",Southbank,Melbourne (C),"3006",0
"20664921000",Commercial,"21629",Melbourne,Melbourne (C),"3000",0
"20668160000",Parkland,"22026",Parkville (Vic.),Melbourne (C),"3052",4
"20668360000",Transport,"22026",Parkville (Vic.),Melbourne (C),"3052",0
"21299850000",Residential,"20824",East Melbourne,Melbourne (C),"3002",24
